date,username,retweets,text,mentions,hashtags
2018-08-09 23:44:18,udayaprakash2,0,"Share ... helpline numbers #KeralaFloods #KeralaRains https:// twitter.com/gvprakash/stat us/1027603189833461760 …",,#KeralaFloods #KeralaRains
2018-08-09 23:38:26,dileepkodiyath,1,"If u need help please use this tag and below forms #keralawaters2018 #KeralaFloods #KeralaRain #keralarains https:// docs.google.com/forms/d/e/1FAI pQLSc4kxfFo2I-mpzH-YYe6mTSU5etgIbWriIWoReEoPqJNjfJuA/viewform?usp=sf_link …",,#keralawaters2018 #KeralaFloods #KeralaRain #keralarains
2018-08-09 23:29:43,keralavarma,4,"#Kerala #KeralaFloods My heart and mind is with people & wild animals of Kerala. 24 dam shutters are open including that of Asia's second largest Arch dam.",,#Kerala #KeralaFloods
2018-08-09 22:56:06,sutharsansurya,0,"• Stay Safe Everyone..Here are the Helpline Numbers..! Share #KeralaFloods #KeralaRains @Suriya_offl @rajsekarpandian @Karthi_Offl @prabhu_sr pic.twitter.com/xF1yanDRIm",@Suriya_offl @rajsekarpandian @Karthi_Offl @prabhu_sr,#KeralaFloods #KeralaRains
2018-08-09 20:26:06,shiyamjack,1,"#KeralaFloods helplines !!! pic.twitter.com/zYYm4HoGNu",,#KeralaFloods
2018-08-09 20:25:08,MDRUBELPARVEZ6,0,"Landslides caused by monsoon rains in Kerela kill 20 #KeralaFloods #keralarains #Kerala : http:// youtu.be/ChBiCy-NI6I?a via @YouTube",@YouTube,#KeralaFloods #keralarains #Kerala
2018-08-09 20:03:59,crpgzb69,0,"Heavy rains in #Kerala .. Shocking visuals for #KeralaFloods Stay Safe Everyone..Here are the Helpline Numbers..! Share #KeralaFloods #Keralarains pic.twitter.com/sIrwss1Lti",,#Kerala #KeralaFloods #KeralaFloods #Keralarains
2018-08-09 20:02:25,news_basics,1,"Karnataka lends a helping hand to flood affected Kerala #Kerala #KeralaFloods @cmofKarnataka @grovervj @GOKUpdates https:// newsbasics.in/2018/08/10/kar nataka-lends-a-helping-hand-to-flood-affected-kerala/ …",@cmofKarnataka @grovervj @GOKUpdates,#Kerala #KeralaFloods
2018-08-09 19:53:44,jayaprakash257,0,"My prayers for God's Own Country. Hard to see all livings affected due to rain... #KeralaFloods #KeralaRains",,#KeralaFloods #KeralaRains
2018-08-09 19:48:18,BollywoodMast13,1,"90% Off Best seller Philips Beard Trimmer Cordless for Men QT4001/15 https:// amzn.to/2MbbEbs #DeadlineDay #RajyaSabhaDeputyChairman #Note9 #CaptSafdar #KeralaFloods #Unpacked #GalaxyNote9 #GeneralElections2018 #Epiphany",,#DeadlineDay #RajyaSabhaDeputyChairman #Note9 #CaptSafdar #KeralaFloods #Unpacked #GalaxyNote9 #GeneralElections2018 #Epiphany
2018-08-09 19:43:51,Barathnk,0,"Pray for Brothers and Sisters in #Kerala Request @CMOKerala to take war zone action on rescuing people from #KeralaFloods #keralarains @NDRFHQ we believe in you",@CMOKerala @NDRFHQ,#Kerala #KeralaFloods #keralarains
2018-08-09 19:42:36,BollywoodMast13,1,"#NafratChhodo #11YearsOfChakDeIndia #UnlockTheMusic #Veshbhusha #1DDrive #RajyaSabhaDeputyChairman #Note9 #KeralaFloods Amazon exclusive offer Honor 7X (Blue, 4GB RAM + 64GB Memory) https:// amzn.to/2vxGAJD",,#NafratChhodo #11YearsOfChakDeIndia #UnlockTheMusic #Veshbhusha #1DDrive #RajyaSabhaDeputyChairman #Note9 #KeralaFloods
2018-08-09 19:35:20,SFC_Pondicherry,1,"• Stay Safe Everyone..Here are the Helpline Numbers..! Share #KeralaFloods #KeralaRains @Suriya_offl @rajsekarpandian @Karthi_Offl @prabhu_sr pic.twitter.com/SANWqBpSZk",@Suriya_offl @rajsekarpandian @Karthi_Offl @prabhu_sr,#KeralaFloods #KeralaRains
2018-08-09 19:30:27,Badshaass,0,"#KeralaFloods scary 22 people lost lives so far. Deadliest rainfall in a long time. https:// twitter.com/TimesNow/statu s/1027546576913199104 …",,#KeralaFloods
2018-08-09 19:26:47,Rahulrj_offl,0,"• Due to heavy rains and floods #Neeli postponed to saturday. #KeralaFloods #KeralaRains pic.twitter.com/vpvl5hb8jB",,#Neeli #KeralaFloods #KeralaRains
2018-08-09 19:24:47,entechfo,1,"Max share this video. Save kerala people #GalaxyNote9 #GhajinikanthBloopers #keralarains #KeralaFloods https:// twitter.com/entechfo/statu s/1027636469530120192 …",,#GalaxyNote9 #GhajinikanthBloopers #keralarains #KeralaFloods
2018-08-09 19:23:53,manoj1593,0,"May the time be in favour of #Kerala Heart and hopes with the recovery of the state to normal. #KeralaFloods #KeralaRains",,#Kerala #KeralaFloods #KeralaRains
2018-08-09 19:23:21,entechfo,1,"God please show some mercy - Save kerala people Full video in http:// entechfo.blogspot.com / #keralarains #KeralaFloods @ihansika #Vishwaroopam2FromTomorrow #Vishwaroopam2Thiruvizha pic.twitter.com/oaO1voTilC",@ihansika,#keralarains #KeralaFloods #Vishwaroopam2FromTomorrow #Vishwaroopam2Thiruvizha
2018-08-09 19:19:47,vipinkumar_g,2,"#keralarains Good Gesture by @CMOTamilNadu #KeralaFloods pic.twitter.com/3ac1oxUyEC",@CMOTamilNadu,#keralarains #KeralaFloods
2018-08-09 19:19:10,offeringam,0,"Today's offer https://www. instagram.com/p/BmRPx0_Au5Q/ ?utm_source=ig_share_sheet&igshid=197l3x2dp6gnd … #DarubaazKejri #keralarains #KeralaFloods #food #foodie #yum #dinner #foodporn #tasty #foodphotography #foodlover #foodblogger #foodstagram #yummy #foodgasm #foods #delicious #foodpics #MissDivaInDelhi #GalaxyNote9 #11YearsOfChakDeIndia pic.twitter.com/o5AaK01D6D",,#DarubaazKejri #keralarains #KeralaFloods #food #foodie #yum #dinner #foodporn #tasty #foodphotography #foodlover #foodblogger #foodstagram #yummy #foodgasm #foods #delicious #foodpics #MissDivaInDelhi #GalaxyNote9 #11YearsOfChakDeIndia
2018-08-09 19:07:15,sunderramu,7,"Thoughts with the people in the affected areas. brings back tough memories of the chennai floods. I remember a couple of men from Kerala drove all the way in a Qualis with bottles of boiled drinking water and gave it to us at Asan school. Prayers #KeralaFloods",,#KeralaFloods
2018-08-09 19:04:50,Sb_Offl,0,"• Stay Safe Everyone..Here are the Helpline Numbers..! Share #KeralaFloods #KeralaRains @Suriya_offl @rajsekarpandian @Karthi_Offl @prabhu_sr pic.twitter.com/d4nJ2W3JCI",@Suriya_offl @rajsekarpandian @Karthi_Offl @prabhu_sr,#KeralaFloods #KeralaRains
2018-08-09 18:50:45,MICDropBaam,1,"#KeralaFloods Oh by the way all the phone lines where I am at are dead. Thank god we also have cellphones.",,#KeralaFloods
2018-08-09 18:48:07,Utkarshdotwav,0,"Poop everyday. #India #JusticeForGoat #KeralaFloods",,#India #JusticeForGoat #KeralaFloods
2018-08-09 18:38:51,SkBloodSrini,0,"Conditions are getting worse in Kerala, people are facing many problems. Stay Safe! Please share the Emergency contact Details #KeralaFloods #KeralaRains pic.twitter.com/VVENWpqbvc",,#KeralaFloods #KeralaRains
2018-08-09 18:38:19,360dCinema,0,"Conditions are getting worse in Kerala, people are facing many problems. Stay Safe! Please share the Emergency contact Details #KeralaFloods #KeralaRains #PrayforKerala pic.twitter.com/0QvQqcbbLU",,#KeralaFloods #KeralaRains #PrayforKerala
2018-08-09 18:37:58,NITHINRAJB,1,"High alert!! #Supportkerala !! #keralafloods !!@sachin_rt @Suriya_offl @amirkingkhan we need support!! https:// twitter.com/NITHINRAJB/sta tus/1027623519436165120 …",@sachin_rt @Suriya_offl @amirkingkhan,#Supportkerala #keralafloods
2018-08-09 18:37:26,i_amspa,0,"#KeralaRains #KeralaFloods helpline numbers pic.twitter.com/a5dPqZZ3gy",,#KeralaRains #KeralaFloods
2018-08-09 18:34:03,johnpauljos,3,"#KeralaFloods Open up of Idukki Dam after 26 year due to heavy #keralarains pic.twitter.com/siU24w1LSl",,#KeralaFloods #keralarains
2018-08-09 18:32:26,arvindhtweets,1,"Stay safe #Kerala . #keralarains #Keralafloods https:// twitter.com/johnsoncinepro /status/1027606319056863232 …",,#Kerala #keralarains #Keralafloods
2018-08-09 18:29:02,Sivask818,11,"My dear friends, please pray for Kerala.... #KeralaFloods #PrayforKerala #keralarains pic.twitter.com/6HZBuxBqYa",,#KeralaFloods #PrayforKerala #keralarains
2018-08-09 18:28:54,rijorajan98757,1,"#keralarains #Kerala #KeralaFloods heavy rain still in mid night also",,#keralarains #Kerala #KeralaFloods
2018-08-09 18:27:25,Shakti_sk_,5,"Conditions are getting worse in Kerala, people are facing many problems. Stay Safe! Please share the Emergency contact Details @Siva_Kartikeyan @AllIndiaSKFC @actorsathish @Arunrajakamaraj @anirudhofficial @Amala_ams @VigneshShivN #KeralaFloods #KeralaRains #PrayforKerala pic.twitter.com/nTYALgqyzB",@Siva_Kartikeyan @AllIndiaSKFC @actorsathish @Arunrajakamaraj @anirudhofficial @Amala_ams @VigneshShivN,#KeralaFloods #KeralaRains #PrayforKerala
2018-08-09 18:26:03,danyjustus,0,"My heart is with the people of #Kerala in this tough floody situation. Prayers for safety and minimal damage. #Monsoon #Rain #KeralaFloods #keralarains",,#Kerala #Monsoon #Rain #KeralaFloods #keralarains
2018-08-09 18:24:52,sonyjoy,1,"24 dams are partially open in Kerala right now, a never before incident. More shutters likely to be opened tomorrow unless the rains reduce tonight. #KeralaFloods #IdukkiDam #monsoon pic.twitter.com/t0ozsUKODP",,#KeralaFloods #IdukkiDam #monsoon
2018-08-09 18:21:14,Eenadu_English,0,"WATCH: Houses collapse flood-hit Kerala @CMOKerala @rajnathsingh @NDRFHQ @PMOIndia @narendramodi #keralarains #KeralaFloods #Housescollapse http://www. eenaduindia.com/states/south/k erala/2018/08/09232955/Houses-collapse-due-to-landslide-in-Kerala.vpf …",@CMOKerala @rajnathsingh @NDRFHQ @PMOIndia @narendramodi,#keralarains #KeralaFloods #Housescollapse
2018-08-09 18:20:38,Paul_Oommen,157,"Dramatic visuals of people being washed away in Kaniyambatta in #Wayanad #Kerala . People formed a human chain and tried to rescue them. The hilly districts of #Wayanad and #Idukky are been completely inundated with red alerts issued in both districts. #KeralaFloods #KeralaRains pic.twitter.com/VEfqy32Aum",,#Wayanad #Kerala #Wayanad #Idukky #KeralaFloods #KeralaRains
2018-08-09 18:13:44,RajniVijayFC,0,"Mark This Tweet #Vishwaroopam2 going to be a washout in #Kerala Bcoz Of Humongous Rainfall #KeralaFloods https:// twitter.com/sri50/status/1 027588890712915969 …",,#Vishwaroopam2 #Kerala #KeralaFloods
2018-08-09 18:13:06,lalliganesan,1,"• Stay Safe Everyone..Here are the Helpline Numbers..! Share #KeralaFloods #KeralaRains @Suriya_offl @rajsekarpandian @Karthi_Offl @prabhu_sr pic.twitter.com/eSfxdZFS7R",@Suriya_offl @rajsekarpandian @Karthi_Offl @prabhu_sr,#KeralaFloods #KeralaRains
2018-08-09 18:07:12,Paul_Oommen,1,"#KeralaFloods #KeralaRains @CMofKarnataka sends 10 cr worth relief material & team of doctors to flood-hit Kerala and #TamilNadu CM offers 5cr and any other assistance too. Hope @TelanganaCMO and @AndhraPradeshCM will also extend a helping hand to ppl of #Kerala @KTRTRS",@CMofKarnataka @TelanganaCMO @AndhraPradeshCM @KTRTRS,#KeralaFloods #KeralaRains #TamilNadu #Kerala
2018-08-09 18:05:12,Trending_Hypers,4,"Share max.. #KeralaRains #KeralaFloods Helpline numbers. pic.twitter.com/Rpb2MQh8Cm",,#KeralaRains #KeralaFloods
2018-08-09 18:04:59,TirupurSkians,2,"#keralarains Share ... helpline numbers #KeralaFloods #keralarains pic.twitter.com/VAXyiyBmM7",,#keralarains #KeralaFloods #keralarains
2018-08-09 18:03:28,hosursuryafans,5,"Share ... helpline numbers.. Eveey one safe friends. #KeralaFloods #keralarains @Suriya_offl @SuriyaFansClub @rajsekarpandian @SuryaFansWorld @SuryaFansTeam @osfc_offl_kri pic.twitter.com/7YU5JtyjOh",@Suriya_offl @SuriyaFansClub @rajsekarpandian @SuryaFansWorld @SuryaFansTeam @osfc_offl_kri,#KeralaFloods #keralarains
2018-08-09 18:00:57,libinjsingh,1,"Heavy rains in #Kerala .. Hope ppl there take precautions and are finding safe places to stay, in flooding areas.. #KeralaRains #prayforkerala #flood #KeralaFloods #KeralaRain",,#Kerala #KeralaRains #prayforkerala #flood #KeralaFloods #KeralaRain
2018-08-09 18:00:15,pssomas,0,"Unimaginable rains in #Kerala . hope people stay safe from #keralarains . I join the nation in praying for the Rain affected districts of #kerala . Stay strong Kerala. #KeralaRains . #kerala is my another home state. God will help you because it's God's own country. #KeralaFloods",,#Kerala #keralarains #kerala #KeralaRains #kerala #KeralaFloods
2018-08-09 17:52:09,Sastika_R,14,"Prayers to all the brothers and sisters of Kerala. Worried about the sad state due to rain and consequences. Stay safe. #KeralaFloods #keralarains",,#KeralaFloods #keralarains
2018-08-09 17:51:23,RevathiRajeevan,4,"#KeralaFloods @CMofKarnataka discusses situation with @CMOKerala Offers all possible help from Karnataka",@CMofKarnataka @CMOKerala,#KeralaFloods
2018-08-09 17:46:46,kollywood_Post,0,"Control room numbers... #keralarains #KeralaFloods #kerala #ShareMax #FloodAlert pic.twitter.com/1JpVcRDg05",,#keralarains #KeralaFloods #kerala #ShareMax #FloodAlert
2018-08-09 17:46:07,dt_next,0,"Prime Minister #NarendraModi today spoke with Kerala Chief Minister #PinarayiVijayan in the wake of heavy rains and floods in the state and offered all possible assistance to those affected. https://www. dtnext.in/News/National/ 2018/08/09224043/1083586/Kerala-rains-PM-Modi-speaks-with-Kerala-CM-offers-.vpf?TId=112133 … #KeralaFloods",,#NarendraModi #PinarayiVijayan #KeralaFloods
2018-08-09 17:45:39,dt_next,0,"#TamilNadu Chief Minister #EdappadiPalaniswami today announced a contribution of Rs 5 crore to rain ravaged Kerala as a mark of support to the neighbouring state. https://www. dtnext.in/News/TamilNadu /2018/08/09223645/1083585/Tamil-Nadu-government-offers-to-help-Kerala-announces-.vpf?TId=112141 … #KeralaFloods",,#TamilNadu #EdappadiPalaniswami #KeralaFloods
2018-08-09 17:43:28,iam_kishorevj,3,"Share ... helpline numbers #KeralaFloods #keralarains @AthulyaOfficial @joy_stylist @KikiVijay @imKBRshanthnu @moulistic @AnjanaVJ @nikkigalrani @Samanthaprabhu2 @VishalKOfficial @JeenuSamDarling pic.twitter.com/aRsmM4gdef",@AthulyaOfficial @joy_stylist @KikiVijay @imKBRshanthnu @moulistic @AnjanaVJ @nikkigalrani @Samanthaprabhu2 @VishalKOfficial @JeenuSamDarling,#KeralaFloods #keralarains
2018-08-09 17:41:19,NewsX,2,"Kerala rains: PM Modi assures all possible help to those affected in wake of this calamity #keralarains #KeralaFloods https://www. newsx.com/national/keral a-rains-pm-modi-cm-pinarayi-vijayan-kerala-floods …",,#keralarains #KeralaFloods
2018-08-09 17:39:32,saxenanikita89,3,"Hi..we have a plan to visit #Wayanad on August 17. Our hotel is in Kotapaddy. As checked with the hotel owner the rain situation is under control and all the routes from Bengaluru to Kotapaddy have no issue. Can someone update the exact situation pls! #KeralaFloods #KeralaRain",,#Wayanad #KeralaFloods #KeralaRain
2018-08-09 17:39:23,karthikpkk87,1,"Be safe #Kerala #keralaRains #KeralaFloods pic.twitter.com/1xfCNxl78R",,#Kerala #keralaRains #KeralaFloods
2018-08-09 17:38:09,SuriyaFansClub,118,"• Stay Safe Everyone..Here are the Helpline Numbers..! Share #KeralaFloods #KeralaRains @Suriya_offl @rajsekarpandian @Karthi_Offl @prabhu_sr pic.twitter.com/9W7ZpMnKP9",@Suriya_offl @rajsekarpandian @Karthi_Offl @prabhu_sr,#KeralaFloods #KeralaRains
2018-08-09 17:36:44,Laksviolet,0,"My prayers for Fury in god's own country, disaster management wake up! #KeralaFloods #savekerala #KeralaRain https:// twitter.com/dhanyarajendra n/status/1027511927679983617 …",,#KeralaFloods #savekerala #KeralaRain
2018-08-09 17:30:09,HarishSK31,55,"Conditions are getting worse in Kerala, people are facing many problems. Stay Safe! Please share the Emergency contact Details @Siva_Kartikeyan @AllIndiaSKFC @actorsathish @Arunrajakamaraj @anirudhofficial @Amala_ams @VigneshShivN #KeralaFloods #KeralaRains #PrayforKerala pic.twitter.com/v6jmUFLlIY",@Siva_Kartikeyan @AllIndiaSKFC @actorsathish @Arunrajakamaraj @anirudhofficial @Amala_ams @VigneshShivN,#KeralaFloods #KeralaRains #PrayforKerala
2018-08-09 17:29:23,Dksview,29,"Shocking visuals for #KeralaFloods Stay safe pic.twitter.com/QwmW5dKnzD",,#KeralaFloods
2018-08-09 17:23:40,TheNameIsIRB,0,"Share ... helpline numbers #KeralaFloods #keralarains pic.twitter.com/6DEv31HtRo",,#KeralaFloods #keralarains
2018-08-09 17:23:33,johnsoncinepro,14,"Totally broken 2 c God's own country being devastated with #KeralaFloods . The beautiful lands #Idukki #Wayanad in more trouble with flood levels. Around 22 people dead, More thn 20 disappeared. #TNGovt donated 5Cr. Let us come forward to help them in this critical juncture. pic.twitter.com/Oe8OpTNzND",,#KeralaFloods #Idukki #Wayanad #TNGovt
2018-08-09 17:23:13,DEEPU_S_GIRI,2,"My heart goes to the people of #Kerala !! Disturbing clips shown in media channels.. Hope the nature comes back to normalcy soon.. Prayers #KeralaRains #KeralaFloods",,#Kerala #KeralaRains #KeralaFloods
2018-08-09 17:19:23,SenthilKumarSKF,13,"Conditions are getting worse in Kerala, people are facing many problems. Stay Safe! Please share the Emergency contact Details @Siva_Kartikeyan @AllIndiaSKFC @actorsathish @Arunrajakamaraj @anirudhofficial @Amala_ams @VigneshShivN #KeralaFloods #KeralaRains #PrayforKerala pic.twitter.com/Ovnm9rucf0",@Siva_Kartikeyan @AllIndiaSKFC @actorsathish @Arunrajakamaraj @anirudhofficial @Amala_ams @VigneshShivN,#KeralaFloods #KeralaRains #PrayforKerala
2018-08-09 17:18:38,gulftoday,0,"Rain, landslides kill 24, displace thousands in India's Kerala state https:// bit.ly/2OpCcTQ #keralarains #KeralaFloods #KeralaRain pic.twitter.com/c3I9j6tUnf",,#keralarains #KeralaFloods #KeralaRain
2018-08-09 17:17:51,PathiThadhagath,0,"Stay safe kerala. Tough time. #keralarains #KeralaFloods",,#keralarains #KeralaFloods
2018-08-09 17:17:14,RenjiniVarghese,0,"#Keralaflood #KeralaFloods situation grim, alert from disaster management cell https:// twitter.com/KeralaSDMA/sta tus/1027600733749866497 …",,#Keralaflood #KeralaFloods
2018-08-09 17:16:59,vatsan_18,0,"Here are the District Control Room Contact Numbers of #Kerala maximum share this please Nd Kerala people’s in need of help please make sure that this Vll reach to maximum peoples. Thanks #keralarains #KeralaFloods https:// twitter.com/gvprakash/stat us/1027603189833461760 …",,#Kerala #keralarains #KeralaFloods
2018-08-09 17:14:53,DoctorrSays,251,"Happiness is everywhere #KeralaRains #KeralaFloods pic.twitter.com/NxAwgwWGhU",,#KeralaRains #KeralaFloods
2018-08-09 17:11:42,ians_india,0,"#keralarains leave 24 dead, Cochin airport opens: http:// ians.in/index.php?para m=news/C-1-1034857 … #KeralaFloods pic.twitter.com/AYfkAKnkRX",,#keralarains #KeralaFloods
2018-08-09 17:11:07,gvprakash,2044,"Share ... helpline numbers #KeralaFloods #keralarains pic.twitter.com/8Xy2VcBpiX",,#KeralaFloods #keralarains
2018-08-09 17:08:57,Im_JEBIN,1,"Idukki dam shutter opened after 26 years in #Kerala due to heavy rain. But still #IdukkiDam water level is rising up & touches 2400 feet , At 10.00 pm water level is 2400.2 feet.( Max.Capacity :2403 feet) #KeralaFloods #keralarains pic.twitter.com/LVBU7csVdB",,#Kerala #IdukkiDam #KeralaFloods #keralarains
2018-08-09 17:05:38,SonnyAbraham,0,"Kerala seeks Army help, flood toll is 24 http:// netindian.in/news/2018/08/0 9/00049987/kerala-seeks-army-help-flood-toll-24 … #Kerala #KeralaFloods #Idukki @netindian",@netindian,#Kerala #KeralaFloods #Idukki
2018-08-09 17:05:17,Amberological,12,"Conditions are getting worse in Kerala, people are facing many problems. Stay Safe! #KeralaFloods #KeralaRains #Kerala pic.twitter.com/C67ZZOQFZz",,#KeralaFloods #KeralaRains #Kerala
2018-08-09 17:03:45,AnkurCh16459259,1,"#KeralaFloods My sincere prayers for the #kerala people who r all suffering from sudden rise of calamity.",,#KeralaFloods #kerala
2018-08-09 17:01:46,abhay8942,0,"And the #airlift . Kudos @NDRFHQ . #KeralaFloods #keralarains pic.twitter.com/SxcsXWYVfm",@NDRFHQ,#airlift #KeralaFloods #keralarains
2018-08-09 17:01:13,ScandlousGrace,0,"Scary! Be safe people. #kerala #monsoonwoes #keralarains #KeralaFloods https:// twitter.com/mknid/status/1 027512517252313090 …",,#kerala #monsoonwoes #keralarains #KeralaFloods
2018-08-09 17:00:19,DeccanHerald,1,"Heavy #rains pounding #Kerala triggered a series of #landslides in the hilly #Idukki district and northern parts, killing 26 people since last night. #KeralaFloods #KeralaRain https://www. deccanherald.com/national/18-ki lled-landslides-and-heavy-686511.html …",,#rains #Kerala #landslides #Idukki #KeralaFloods #KeralaRain
2018-08-09 16:57:16,sathvijay,1,"Life will be miserable especially with kids & elderly. Having gone through this trauma in #chennaifloods few yrs back. People of #Tamilnadu will be with you. Wish normalcy returns soon. Take care! #keralarains #KochiFloodThreat #KeralaFloods #Keralarain #Rains https:// twitter.com/name_is_Sana/s tatus/1027520009042505728 …",,#chennaifloods #Tamilnadu #keralarains #KochiFloodThreat #KeralaFloods #Keralarain #Rains
2018-08-09 16:55:56,Voteboothindia,1,"Watch below video link https:// youtu.be/fpZDq3H-vVI #cmainter #cma #Featured #KeralaFloods #Biggbosstamil #Bepannaah #AnotherCongressDefenceScam #PPKFromTomorrow #PakistanElections2018 #PyaarPremaKadhal",,#cmainter #cma #Featured #KeralaFloods #Biggbosstamil #Bepannaah #AnotherCongressDefenceScam #PPKFromTomorrow #PakistanElections2018 #PyaarPremaKadhal
2018-08-09 16:55:16,isaacskarriem,1,"Yaa Rabbi may Allah SWT make it easy in #Kerala #KeralaFloods #KeralaRains",,#Kerala #KeralaFloods #KeralaRains
2018-08-09 16:53:27,iamVickyAV,0,"#Tamilnadu government announced 5 Crore as relief fund for #Kerala flood ! #KeralaFloods",,#Tamilnadu #Kerala #KeralaFloods
2018-08-09 16:53:03,MTenginkai,0,"18 people killed due to heavy rainfall and landslides in Kerala. #KeralaFloods #PrayForKerala",,#KeralaFloods #PrayForKerala
2018-08-09 16:52:54,Im_Finney,1,"#KeralaFloods #Keralarains Be safe Keralites .. #PrayforKerala pic.twitter.com/qeV0mPf7xz",,#KeralaFloods #Keralarains #PrayforKerala
2018-08-09 16:52:17,WaterMitty,0,"@flyspicejet plz continue2make money out of calamities and natural disasters and hapless consumers...well done!I don't know if your mates at @IndiGo6E or @jetairways or @airindiain look at profiteering in advers circumstances the same way..wish @MoCA_GoI makes note #KeralaFloods",@flyspicejet @IndiGo6E @jetairways @airindiain @MoCA_GoI,#KeralaFloods
2018-08-09 16:51:18,apnnewsindia,15,"PM #NarendraModi speaks to Kerala CM Pinarayi Vijayan, discusses situation arising due to #floods & #landslides in various parts of the state. #KeralaFloods pic.twitter.com/GYk0T0U5vn",,#NarendraModi #floods #landslides #KeralaFloods
2018-08-09 16:48:43,santhosh_1091,0,"My sincere prayers for the #kerala people who r all suffering from sudden rise of calamity...with the blessings of almighty u ll recover back to your normal life soon.. #KeralaFloods #prayers",,#kerala #KeralaFloods #prayers
2018-08-09 16:47:54,LetMe_Speakk,2,"#KeralaFloods #KeralaRains one side nature torcher and on the other side government torcher #हरियाणामें_हाहाकार https:// youtu.be/AT8hDTBL8wU",,#KeralaFloods #KeralaRains #हर
2018-08-09 16:43:15,vanshik90206112,0,"#KeralaFloods After 26 years the shutter opens in #IdukkiDam death toll rises to 22 as two killed in Ernakulum with in 24 hours !! pic.twitter.com/8gFX1fgkQJ",,#KeralaFloods #IdukkiDam
2018-08-09 16:38:26,iammidhul,0,"@RailMinIndia @narendramodi @PMOIndia Please #reschedule the #railway APL Exam on 13/8/18. Considering the present situation in #kerala . #KeralaFloods #IdukkiDam #Idukki #Kerala",@RailMinIndia @narendramodi @PMOIndia,#reschedule #railway #kerala #KeralaFloods #IdukkiDam #Idukki #Kerala
2018-08-09 16:37:55,Kashmir2kkumari,0,"Should Republic stop licking the foot of it's boss and #bhaktas ??? #sunnews #karunanidhi #DMK #DeadlineDay #RajyaSabhaDeputyChairman #TripleTalaq #KeralaFloods #keralarains",,#bhaktas #sunnews #karunanidhi #DMK #DeadlineDay #RajyaSabhaDeputyChairman #TripleTalaq #KeralaFloods #keralarains
2018-08-09 16:37:47,ClickMuni,0,"Kerala Stay Safe!! #KeralaFloods #KeralaRain pic.twitter.com/7fQhKgqA9Y",,#KeralaFloods #KeralaRain
2018-08-09 16:32:01,HR_Manojkumar,1,"Historic Moment After 26 years, shutters of the #IdukkiDam opened for trial run as water level rises up to nearly 2399 ft in the reservoir. One of the 5 Shutters the middle shutter of the Cheruthoni dam has been lifeted up by 50cm for trial Run. #KeralaFloods #keralaRains pic.twitter.com/mJqdWeduuU",,#IdukkiDam #KeralaFloods #keralaRains
2018-08-09 16:30:07,rajeshhiox,0,"Kerala is a lovely lovely place. We can sense and breathe mother nature there. Hope things get better there and everyone stays safe. #KeralaFloods #Kerala",,#KeralaFloods #Kerala
2018-08-09 16:24:47,Marcusbharat,2,"#Kerala #KeralaFloods #Road washed away by #KeralaRains in #Nayattukallu near #Nilambur . pic.twitter.com/amwoTBPhpi",,#Kerala #KeralaFloods #Road #KeralaRains #Nayattukallu #Nilambur
2018-08-09 16:19:51,rakulkumar555,0,"Stay Safe #Kerala #keralarains #KeralaFloods",,#Kerala #keralarains #KeralaFloods
2018-08-09 16:13:07,yOptimizo,0,"We wish our friends in Kerala are safe and don't take risks. #KeralaFloods #Kerala #India",,#KeralaFloods #Kerala #India
2018-08-09 16:11:05,ITIndiaBarcelon,1,"We wish our friends in Kerala are safe and don't take risks. #KeralaFloods #Kerala #India",,#KeralaFloods #Kerala #India
2018-08-09 16:06:59,ivyasaa,0,"Kerala rains LIVE: Idukki dam water level reaches 2400 ft despite opening one of its shutters; death toll touches 22 https:// indianexpress.com/article/india/ kerala-rains-live-landslide-idukki-dam-periyar-river-5298766/ … via @IndianExpress #KeralaFloods #keralarains #IdukkiDam #Idukki #death #indianexpress #ivyasa @ivyasaa",@IndianExpress @ivyasaa,#KeralaFloods #keralarains #IdukkiDam #Idukki #death #indianexpress #ivyasa
2018-08-09 16:01:29,apnnewsindia,22,"#Kerala : Death toll due to heavy rain and landslides touches 22. #KeralaFloods pic.twitter.com/ykkBNPtb4m",,#Kerala #KeralaFloods
2018-08-09 15:57:56,shaswatidas,0,"#KeralaFloods : @NDRFHQ deploys 9 teams for rescue ops, one more team en route. @livemint",@NDRFHQ @livemint,#KeralaFloods
2018-08-09 15:56:54,Barunhotwaa,1,"Stay safe #KeralaFloods",,#KeralaFloods
2018-08-09 15:56:43,ArunSan29176394,0,"#KeralaFloods .......we've planned to be there tomorrow....Whats going to happen???",,#KeralaFloods
2018-08-09 15:45:23,narenpaliwal2,0,"pray to God for safety of people in God's own country #KeralaFloods",,#KeralaFloods
2018-08-09 15:44:34,rocking2akshay,0,"KSEB could have opened Idamalayar dam a bit early.For producing electricity by storing maximum water they are risking lives of common people. With discharge of more water from Idukki dam dont know how are they going to manage #Kerala #KeralaFloods #keralarains #IdukkiDam",,#Kerala #KeralaFloods #keralarains #IdukkiDam
2018-08-09 15:41:36,Jithin51005190,0,"#KeralaFloods Hope situation gets better.....really disheartening to see, a place like Kerala going through all this....",,#KeralaFloods
2018-08-09 15:40:35,EconomicTimes,12,"Watch: Road gets washed away in Malappuram after flash flood #KeralaFloods Download the ET App here: https:// bit.ly/ET_App pic.twitter.com/u3AOVxHZy2",,#KeralaFloods
2018-08-09 15:24:44,KSF_Offl,60,"#Keralarains #KeralaFloods Our Area..... Pray For Us pic.twitter.com/vVKbwOyqXA",,#Keralarains #KeralaFloods
2018-08-09 15:23:27,myqueries137,0,"@PMOIndia @CMOKerala @narendramodi Kerala is drowning. Please don't wait for call of help. Please take the higher path and provide man and machine to help the needy. #keralarains #KeralaFloods #Kerala #NDRF",@PMOIndia @CMOKerala @narendramodi,#keralarains #KeralaFloods #Kerala #NDRF
2018-08-09 15:09:03,pennewstweet,0,"22 killed as rains wreak havoc in Kerala https://www. pennews.net/kerala/2018/08 /09/22-killed-as-rains-wreak-havoc-in-kerala-red-alert-for-23-dams … #Dams #Idukkidams #Rains #redalert @cmokerala @vijayanpinarayi #keralarains #KeralaFloods #IdukkiDam #aviation #KochiFloodThreat #KochiFloodThreat",@cmokerala @vijayanpinarayi,#Dams #Idukkidams #Rains #redalert #keralarains #KeralaFloods #IdukkiDam #aviation #KochiFloodThreat #KochiFloodThreat
2018-08-09 15:08:46,runoutspeaks,0,"#KeralaFloods Ask any Communist ,he will tell you the diff b/w the Mumbai n kerala flood. For them Kerala flood is Secular flood ,a far better flood for ppl than the mumbai flood",,#KeralaFloods
2018-08-09 15:06:34,NewIndianXpress,10,"Palakkad has been flooded due to heavy rain in Kerala. The Kalpathy river and the Bharathapuzha have been in spate as the waters of the Malampuzha dam run through these rivers. #KeralaFloods #keralarains http:// bit.ly/2P0eNcS pic.twitter.com/S0bSO9xrkB",,#KeralaFloods #keralarains
2018-08-09 15:01:57,Mayuri11758480,2,"Watch the video below https:// youtu.be/fOK1Y9xfn_o #cmaleaf #cmainter #ThursdayThoughts #KeralaFloods #IdukkiDam #BiggBossTelugu2 #BiggBossTamil #KeralaRain",,#cmaleaf #cmainter #ThursdayThoughts #KeralaFloods #IdukkiDam #BiggBossTelugu2 #BiggBossTamil #KeralaRain
2018-08-09 15:00:53,abpnewstv,11,"#KeralaFloods : Heavy rains wreak havoc in state; 26 dead, 24 dams opened #KeralaRains https://www. abplive.in/india-news/ker ala-floods-heavy-rains-wreak-havoc-in-state-26-dead-24-dams-opened-740268 …",,#KeralaFloods #KeralaRains
2018-08-09 15:00:49,Nkhatrii007,0,"Rip #KeralaFloods victims.! Why the @CMOKerala is reckless on his state concerns.! Adequate steps were not taken for this miss happening. @KeralaTourism @BJP4Keralam @INCKerala @rashtrapatibhvn @narendramodi @BJP4India @abpnewstv @CNNnews18 @ZeeNews",@CMOKerala @KeralaTourism @BJP4Keralam @INCKerala @rashtrapatibhvn @narendramodi @BJP4India @abpnewstv @CNNnews18 @ZeeNews,#KeralaFloods
2018-08-09 14:47:59,ArunDfc3,7,"#KeralaFloods : BePrepared & StaySafe. #KeralaRains #KeralaFlood #Palakkad #kochiairport pic.twitter.com/HVMEAPpQX2",,#KeralaFloods #KeralaRains #KeralaFlood #Palakkad #kochiairport
2018-08-09 14:47:49,PeninsulaQatar,0,"#Deathtoll in rain incidents over the last 24 hrs in #Kerala reached 24 on Thursday as Chief Minister #PinarayiVijayan postponed Saturday's annual Nehru boat race in Alappuzha following forecast of more rains. #keralarains #KeralaFloods #KeralaRain https:// thepeninsulaqatar.com/article/09/08/ 2018/Kerala-rains-leave-24-dead,-Cochin-airport-opens …",,#Deathtoll #Kerala #PinarayiVijayan #keralarains #KeralaFloods #KeralaRain
2018-08-09 14:47:15,stockhifi,0,"Just now saw #KeralaFloods Idukki dam opened after 26 yrs, arrivals suspended at Cochin Airport Stay safe sir https:// twitter.com/porinju/status /1027536107808862209 …",,#KeralaFloods
2018-08-09 14:44:41,latestly,2,"Union Minister KJ Alphons Says 'Worst Floods in Kerala in Past 50 Years'. Red Alert in #Kerala Following Heavy Rains and Flooding. #KeralaFloods #keralarains #KeralaRain #KJAlphons https://www. latestly.com/india/news/ker ala-rains-schools-colleges-closed-on-august-10-in-ernakulam-alappuzha-wayanad-kozhikode-and-palakkad-districts-red-alert-in-state-316408.html …",,#Kerala #KeralaFloods #keralarains #KeralaRain #KJAlphons
2018-08-09 14:42:46,tweetz_anand,0,"Tamil Nadu CM EPS: ready to assist if kerala in need of #KeralaFloods ; 5cr relief to kerala too @dhanyarajendran @RKRadhakrishn @ravisenthilkuma",@dhanyarajendran @RKRadhakrishn @ravisenthilkuma,#KeralaFloods
2018-08-09 14:40:52,EconomicTimes,22,"#KeralaFloods #LiveUpdates | 22 killed, Idukki dam opened after 26 yrs, arrivals suspended at Cochin Airport https:// goo.gl/zQqmzH pic.twitter.com/s1UYhOtFsB",,#KeralaFloods #LiveUpdates
2018-08-09 14:40:11,shuklaakul,0,"Scary pics of floods from Palakkad #PrayForKerala #KeralaFloods #keralaRains https:// twitter.com/dhanyarajendra n/status/1027511927679983617 …",,#PrayForKerala #KeralaFloods #keralaRains
2018-08-09 14:33:31,AnytimeCurry,0,"Easy and Soft Kearala Special Vellayappam. Watch @https://www. youtube.com/CurryAnytime Detailed Recipe : https://www. curryanytime.com/2015/08/appam- vellayappam.html … #KeralaFloods #foodlovers #indianrecipes #foodies #foodporn #foodstagram #indiancooking #indianfoodlovers #CurryAnytime #KeralaRecipes #KeralaSpecials pic.twitter.com/UB8SsoZbVa",@https,#KeralaFloods #foodlovers #indianrecipes #foodies #foodporn #foodstagram #indiancooking #indianfoodlovers #CurryAnytime #KeralaRecipes #KeralaSpecials
2018-08-09 14:29:36,GoNews24x7,4,"Go Headlines Several dead in #Keralafloods and #landslides ; #Opposition rally in #Delhi accuses Centre of being anti-Dalit; #Maharashtra workers strike ends. Download app for more: Android https:// goo.gl/UHjPzE iPhone https:// goo.gl/1E6w8m pic.twitter.com/AHngWZmr53",,#Keralafloods #landslides #Opposition #Delhi #Maharashtra
2018-08-09 14:29:31,CHENNAIWEATHER1,3,"The heavy rain to continue next 24 hours Over #Kerala one or two places of #Idukki #Wayanad #KeralaFloods #keralarains #IdukkiDam #keralarains pic.twitter.com/19G2SJjuna",,#Kerala #Idukki #Wayanad #KeralaFloods #keralarains #IdukkiDam #keralarains
2018-08-09 14:23:29,RevathiRajeevan,1,"Scary visuals from #Kerala . Stay safe people. #KeralaRains #KeralaFloods",,#Kerala #KeralaRains #KeralaFloods
2018-08-09 14:18:13,ANI,49,"There has been unprecedented floods in Kerala since y'day & incessant rains for 2 weeks. It is the biggest rain we had in 50 years.22 people died.Armed forces to fly to Kerala immediately,6 central rescue teams already there.All the dams opened:Union Min KJ Alphons #KeralaFloods pic.twitter.com/HYrRmXmEld",,#KeralaFloods
2018-08-09 14:16:23,SulekshVS,0,"Devastating floods and heavy rains continue in Kerala. Be alert, stay safe, stock drinking water & essentials. Contact the district helpline no.s in case of emergency. #KeralaRains #KeralaFloods pic.twitter.com/PUkCapUZU7",,#KeralaRains #KeralaFloods
2018-08-09 14:12:07,kathirvel_ent,0,"https:// youtu.be/kC8kFGxyobY Idukki dam shutter opening #IdukkiDam #IdukkiDamOpened #Idukki #Kerala #keralarains #KeralaFloods #KeralaRain",,#IdukkiDam #IdukkiDamOpened #Idukki #Kerala #keralarains #KeralaFloods #KeralaRain
2018-08-09 14:11:07,ChennaiRains,9,"#Breaking Muthankera, upstream of #Kabini dam has breached the Highest Flown Level today evening. The heavy #rains over #Wayanad last night now start reaching Kabini dam. #Cauvery inflow into #Mettur will remain high until weekend at least #KeralaFloods pic.twitter.com/XNYLSrKnKN",,#Breaking #Kabini #rains #Wayanad #Cauvery #Mettur #KeralaFloods
2018-08-09 14:10:13,vasudevan49,0,"The latest The vasudevan Daily! https:// paper.li/vasudevan49/13 17218960?edition_id=ecf902e0-9bdd-11e8-aa9b-0cc47a0d15fd … Thanks to @RaghuramanMenon @RoshanSdrprop @TheAshokSingh #keralafloods #trending",@RaghuramanMenon @RoshanSdrprop @TheAshokSingh,#keralafloods #trending
2018-08-09 14:09:44,Rahulrj_offl,0,"• Standing Straight Even In #floods @neymarjr #KeralaFloods pic.twitter.com/9dK6FWpudG",@neymarjr,#floods #KeralaFloods
2018-08-09 14:07:56,Abiiii_07,0,"Started Raining in #palakkad #KeralaFloods",,#palakkad #KeralaFloods
2018-08-09 14:05:33,mayamadhava,2,"Sad to hear about how the floods are affecting the normal life in Kerala, total of 22 dams opened together., Landslides, Floods, No Electricity, Scarcity of Food & Drinking water. I request PM @narendramodi ji to take this issue on priority & help the affected asap #KeralaFloods",@narendramodi,#KeralaFloods
2018-08-09 13:58:40,havocharihara,1,"#KeralaFloods Here's the helpline Number..... Take care Kerala Friends...... Store Drinking water...Since the shortage of drinking water occurred pic.twitter.com/YAkFa7WzN5",,#KeralaFloods
2018-08-09 13:54:54,SkymetWeather,3,"Red Alert sounded for #Kerala 's #Idukki Reservoir as water levels on rise and more showers in the offing. #IdukkiDam #KeralaFloods #KeralaRain @KeralaTourism",@KeralaTourism,#Kerala #Idukki #IdukkiDam #KeralaFloods #KeralaRain
2018-08-09 13:54:21,fx16news,0,"All educational institutions including professional colleges at #Kothamangalam , #Kunnathunad , #Aluva , #Paravur Taluk, and #Kadamakkudy to remain closed tomorrow: District Collector #KeralaFloods",,#Kothamangalam #Kunnathunad #Aluva #Paravur #Kadamakkudy #KeralaFloods
2018-08-09 13:50:55,Paul_Oommen,8,"It is after 26 years that a shutter of the #IdukkiDam opened for trial run as water level rose upto nearly 2399 ft in the reservoir. Only one gate opened up to around 5cm and already severe flooding. #KeralaFloods #StaySafeKerala pic.twitter.com/ynfqqtEp75",,#IdukkiDam #KeralaFloods #StaySafeKerala
2018-08-09 13:44:51,Paul_Oommen,83,"Shutters of Idukky Cheruthony dam opened at 12:30 pm today. Gate to be remain open throughout the night as the water levels of Idukky reservoir is still on the rise. Teams of Army & Navy undertaking rescue operations in North kerala. #KeralaFloods #StaySafeKerala pic.twitter.com/p8bFcpenoB",,#KeralaFloods #StaySafeKerala
2018-08-09 13:36:38,krisdhina,0,"Conditions getting worse stay indoor. Be safe people. #KeralaRains #KeralaFloods",,#KeralaRains #KeralaFloods
2018-08-09 13:31:28,Dott87O,1,"Heavy Rain in Kerela, State Reeling under the Flood. https://www. dott87.online/2018/08/09/hea vy-rain-in-kerela-state-reeling-under-the-flood/ … #KeralaFloods #Kerala #KeralaRains",,#KeralaFloods #Kerala #KeralaRains
2018-08-09 13:23:46,SkymetWeather,5,"#Keralafloods claim 20 lives, #IdukkiDam opens after 26 years. https:// buff.ly/2MeumyP #keralarains #KeralaRain @KeralaTourism",@KeralaTourism,#Keralafloods #IdukkiDam #keralarains #KeralaRain
2018-08-09 13:23:16,VSJ1,0,"Rain will persists in Kerala for another 24 hours due to cyclonic circulation in Arabian Sea !. #KeralaFloods #Maheshpalwat",,#KeralaFloods #Maheshpalwat
2018-08-09 13:16:42,Mpalawat,8,"A #Cyclonic circulation over south East #Arabian Sea will induce heavy #Rains over #Kerala for another 24 hours. Situation may improve thereafter. #KeralaFloods @SkymetWeather",@SkymetWeather,#Cyclonic #Arabian #Rains #Kerala #KeralaFloods
2018-08-09 13:15:19,hussainnellikal,0,"Kerala floods: As per State Emergency Operations Centre, Kerala, heavy rain & landslides killed 22 persons across 5 districts of the state during intervening night of Aug 8 and 9. 11 killed in Idukki, 5 in Malapuram, 1 in Kozidkode, 3 in Wayanad & 2 in Kannur... #KeralaFloods",,#KeralaFloods
2018-08-09 13:13:46,Ahmedshabbir20,10,"Scary pics of floods from Palakkad #PrayForKerala #KeralaFloods #keralaRains https:// twitter.com/dhanyarajendra n/status/1027511927679983617 …",,#PrayForKerala #KeralaFloods #keralaRains
2018-08-09 13:00:19,jioxpressnews,0,"Watch: #IdukkiDam shutter opened after 26 years. http:// tinyurl.com/ybvqayp3 #KeralaFloods #Monsoon2018 #rains #BOATRACE pic.twitter.com/0gXWLKzCUL",,#IdukkiDam #KeralaFloods #Monsoon2018 #rains #BOATRACE
2018-08-09 12:58:58,aash_tvm,0,"The annual #NehruTrophy #boatrace , scheduled to be held at Punnamada Lake in #Alappuzha district on August 11, has been postponed due to floods #kerala #keralafloods",,#NehruTrophy #boatrace #Alappuzha #kerala #keralafloods
2018-08-09 12:52:54,NewIndianXpress,6,"At least 10 dead as heavy rains cause landslide in Kerala's #Idukki . Express photos | A Saneesh. Read the full story here: https:// goo.gl/azHLS5 #KeralaFloods #KeralaRain For more, follow us on Instagram: http:// bit.ly/2OnqxoA pic.twitter.com/nLRtfAiesE",,#Idukki #KeralaFloods #KeralaRain
2018-08-09 12:51:09,FinancialXpress,2,"#KeralaFloods photos: Devastating #images of #KeralaRains and #landslides across #Kerala https://www. financialexpress.com/photos/busines s-gallery/1275458/kerala-rains-photos-devastating-images-of-rainfall-landslides-across-the-state/ … pic.twitter.com/avh05nFtxh",,#KeralaFloods #images #KeralaRains #landslides #Kerala
2018-08-09 12:49:18,PunchapaadamI,0,"District helpline numbers #KeralaFloods #Keralarains @PunchapaadamI pic.twitter.com/Kl7gWlW3h6",@PunchapaadamI,#KeralaFloods #Keralarains
2018-08-09 12:48:53,PratibaRaman,0,"#KeralaFloods claim the lives of 20 https://www. mynation.com/news/kerala-he avy-rains-and-landslide-wash-away-20-pd7223 …",,#KeralaFloods
2018-08-09 12:44:47,arti_ghargi,0,"Stay Safe! #KeralaFloods https:// twitter.com/HWNewsEnglish/ status/1027535895480561665 …",,#KeralaFloods
2018-08-09 12:44:42,akananth,3,"Army has deployed 3 columns of an approximate strength of 75 pers each at Ayannkulu, Idukki & Wayanad. 2 additional columns requisitioned & are moving to Kozhikode & Mallapuram. 3 Engineer Task Force are in the process of getting deployed. | @adgpi #KeralaFloods @OnmanoramaLive",@adgpi @OnmanoramaLive,#KeralaFloods
2018-08-09 12:44:39,writetake,2,"Army has deployed 3 columns of an approximate strength of 75 pers each at Ayannkulu, Idukki & Wayanad. 2 additional columns requisitioned & are moving to Kozhikode & Mallapuram. 3 Engineer Task Force are in the process of getting deployed. | @adgpi #KeralaFloods @OnmanoramaLive",@adgpi @OnmanoramaLive,#KeralaFloods
2018-08-09 12:43:58,arunthefighter,0,"Stay safe from rain @Abiiii_07 @ArsenalKerala @Arsenal_Kerala @KollamNanbans @KeralaVijayFC @TEAM_KERALAVFC @AnoopVjFan #keralarains #KeralaFloods @IndianWeather",@Abiiii_07 @ArsenalKerala @Arsenal_Kerala @KollamNanbans @KeralaVijayFC @TEAM_KERALAVFC @AnoopVjFan @IndianWeather,#keralarains #KeralaFloods
2018-08-09 12:43:46,__alter_ego,0,"Dear Friends #RUOK ? #KeralaRain #KeralaFloods",,#RUOK #KeralaRain #KeralaFloods
2018-08-09 12:28:57,iamvml,0,"Please be safe #brothers and #sisters #KeralaFloods #IdikkiDam",,#brothers #sisters #KeralaFloods #IdikkiDam
2018-08-09 12:28:30,Doc_J_,0,"09.08.2018 Highest rainfall data in mm - Palakkad-214.2,Munnar-253.6,Peerumedu-255,Mananthavady-305,Nilambur-398. Nilambur- 398 mm rainfall in one day Remember annual rainfall is about 3000 mm. #keralarains #Kerala #KeralaFloods",,#keralarains #Kerala #KeralaFloods
2018-08-09 12:28:11,DigitalLYFstyle,0,"RT https:// twitter.com/aseemkujur/sta tus/1027530882293358593 … RT @alexariyazz : An email address is like a customer’s “digital fingerprint”.- http://www. emfinity.in / #digitalmarketing #twittermarketing @msdhoni #KeralaFloods #emf … pic.twitter.com/sT98A2seFr",@alexariyazz @msdhoni,#digitalmarketing #twittermarketing #KeralaFloods #emf
2018-08-09 12:27:57,iampravichand,159,"The fury of #Nature . Bharatapuzha river flowing over the iconic and ever busy Pattambi bridge. #keralarains #KeralaFloods #Kerala pic.twitter.com/xHNnc1uBBA",,#Nature #keralarains #KeralaFloods #Kerala
2018-08-09 12:25:11,dbpostnews,0,"Massive landslide and flood claim 22 lives in #Kerala #HeavyRains #KeralaFloods #Idukkidam #Cochinairport http:// dbpost.com/massive-landsl ide-and-flood-claim-22-lives-in-kerala/ …",,#Kerala #HeavyRains #KeralaFloods #Idukkidam #Cochinairport
2018-08-09 12:23:47,aseemkujur,0,"RT @alexariyazz : An email address is like a customer’s “digital fingerprint”.- http://www. emfinity.in / #digitalmarketing #twittermarketing @msdhoni #KeralaFloods #emfinity #emfinity_cbe @Emfinity_IT #heavyrain #Sterlite #Marina4Kalaingar #Trisha #HBDHans … pic.twitter.com/jHLjaiz7Cr",@alexariyazz @msdhoni @Emfinity_IT,#digitalmarketing #twittermarketing #KeralaFloods #emfinity #emfinity_cbe #heavyrain #Sterlite #Marina4Kalaingar #Trisha #HBDHans
2018-08-09 12:21:58,KhanOnline20,0,"#AdaniAanganPanvel is an #upcoming project which soon in the position of #ReadytoMove will offers soon 1 to 3 BHK #Flats .Explore:- https://www. facebook.com/adaniaanganpan vel/ … #Kamariya #ArunJaitley #KeralaFloods #ImranKhanPrimeMinister #shivratri pic.twitter.com/h6klEqTQXI",,#AdaniAanganPanvel #upcoming #ReadytoMove #Flats #Kamariya #ArunJaitley #KeralaFloods #ImranKhanPrimeMinister #shivratri
2018-08-09 12:20:43,TrendsChennai,0,"#keralafloods is now trending in #Chennai https://www. trendsmap.com/r/IN_CHE_ixjijv pic.twitter.com/YAjmMIpMnW",,#keralafloods #Chennai
2018-08-09 12:20:14,alexariyazz,1,"An email address is like a customer’s “digital fingerprint”.- http://www. emfinity.in / #digitalmarketing #twittermarketing @msdhoni #KeralaFloods #emfinity #emfinity_cbe @Emfinity_IT #heavyrain #Sterlite #Marina4Kalaingar #Trisha #HBDHansika #MSDhoni @imVkohli #loveyourself pic.twitter.com/1H99dumxVN",@msdhoni @Emfinity_IT @imVkohli,#digitalmarketing #twittermarketing #KeralaFloods #emfinity #emfinity_cbe #heavyrain #Sterlite #Marina4Kalaingar #Trisha #HBDHansika #MSDhoni #loveyourself
2018-08-09 12:17:51,mavel1991,0,"Authorities are not even bothered about us right? #KeralaFloods #IdukkiDam #SaveLives",,#KeralaFloods #IdukkiDam #SaveLives
2018-08-09 12:16:19,Oneindia,1,"Kerala floods: NDRF teams deployed for rescue ops, death toll rises to 20 #KeralaFloods #keralarains #KeralaRain https://www. oneindia.com/india/kerala-f loods-update-water-is-flowing-into-the-operational-area-of-kochi-international-airport-2752769.html?utm_campaign=writer-share&utm_source=Chennabasaveshwar-promo&utm_medium=social …",,#KeralaFloods #keralarains #KeralaRain
2018-08-09 12:16:06,ytabloid,0,"22 dead as rain pounds Kerala, Kochi airport resumes flight operations. https:// bit.ly/2AW4BPx #KeralaFloods",,#KeralaFloods
2018-08-09 12:09:44,down2earthindia,6,"Kerala received 316% more rainfall than normal on August 8 @Aks7489 #KeralaRain #KeralaFloods https:// goo.gl/87VVHR",@Aks7489,#KeralaRain #KeralaFloods
2018-08-09 12:08:00,abhimanyuraohry,12,"Anguished to hear of the death of more than 18 people in heavy rains & landslides in #KeralaFloods . My thoughts are with the families of the deceased. @RahulGandhi @officekiran @IYC @priyankac19 @Radhika_Khera @INCIndia @KumariRukshmani @RanjanaINC @INC_obc @INCIndia pic.twitter.com/3MzyMYBGfO",@RahulGandhi @officekiran @IYC @priyankac19 @Radhika_Khera @INCIndia @KumariRukshmani @RanjanaINC @INC_obc @INCIndia,#KeralaFloods
2018-08-09 11:59:36,TheWeekLive,2,"Chief Minister Pinarayi Vijayan said the new dates of #NehruTrophy boat race will be announced later #KeralaFloods #TheWeek @TheWeekLive https://www. theweek.in/news/india/201 8/08/09/Kerala-floods-Nehru-Trophy-boat-race-postponed.html …",@TheWeekLive,#NehruTrophy #KeralaFloods #TheWeek
2018-08-09 11:59:06,Amitmsd1999,0,"#KeralaFloods pinrayi vijyan & kamal Hassan will definately have a cup of tea to discuss this issue",,#KeralaFloods
2018-08-09 11:55:30,bsindia,4,"At least 22 people, including 10 in #Idukki district have died due to heavy rains and landslides in #Kerala . #KeralaFloods #KeralaRains @gireeshb80 https:// mybs.in/2VpAoEo",@gireeshb80,#Idukki #Kerala #KeralaFloods #KeralaRains
2018-08-09 11:53:30,ZeeNews,18,"#KeralaFloods : Over 100 houses vacated, boats used to evacuate people from low-lying areas - Watch http:// zeenews.india.com/kerala/kerala- floods-over-100-houses-vacated-boats-used-to-evacuate-people-from-low-lying-areas-watch-2131807.html …",,#KeralaFloods
2018-08-09 11:50:20,vigneshmurali09,2,"I humbly request all the people of Kerala to be safe. Follow the instructions of the authorities in charge and make sure you're away from the red alert zone. Remember, ""safety first!"". #keralarains #KeralaFloods #rain #floods #IDUKKIDAM #Kerala",,#keralarains #KeralaFloods #rain #floods #IDUKKIDAM #Kerala
2018-08-09 11:50:15,velmurugan38,0,"#KeralaFloods Guys Be aware and safe...",,#KeralaFloods
2018-08-09 11:45:02,azeez_offcl,31,"District helpline numbers #KeralaFloods #Keralarains https://twitter.com/AVFOTeam/status/1027508533003091968/photo/1 pic.twitter.com/hJvJuZhhKK pic.twitter.com/Tlx7QNxEhi",,#KeralaFloods #Keralarains
2018-08-09 11:44:07,name_is_Sana,7,"#Keralarains : Over 20 dead in landslide and floods, 22 dams opened simultaneously... #KeralaRains the following are d District Control Room Numbers... #KeralaFloods share max ... pic.twitter.com/F89fDCUisN",,#Keralarains #KeralaRains #KeralaFloods
2018-08-09 11:40:35,name_is_Sana,75,"As many as 11 people 're reported dead in Idukki district, 6 in Malappuram, 2 in Kozhikode n 1 in Wayanad #Keralarains 22 dams opened simultaneously As precaution Cochin InternationalAirport suspends all landing activities frm 1pm 2day owing to d rains #KeralaFloods #Kerala pic.twitter.com/GE8dQYvpTm",,#Keralarains #KeralaFloods #Kerala
2018-08-09 11:38:20,manasvi_s,0,"damage caused due to #KeralaFloods mainly attributed to encroachment by missionary churches at various hills and rural places. required stern action against them. #kerala #church",,#KeralaFloods #kerala #church
2018-08-09 11:36:24,imbindassM,0,"FOLLOW ALL UPDATES HERE. #KeralaFloods fury: 20 deaths in a day; highly alarming situation, says CM Pinarayi Vijayan https:// goo.gl/azHLS5 via @NewIndianXpress",@NewIndianXpress,#KeralaFloods
2018-08-09 11:35:09,RapidResponse,7,"#KeralaFloods : BePrepared & StaySafe. #KeralaRains #KeralaFlood #KeralaRain #Kerala #Palakkad #Kochi #kochiairport #FloodPreparedness pic.twitter.com/AoHZbb93Ne",,#KeralaFloods #KeralaRains #KeralaFlood #KeralaRain #Kerala #Palakkad #Kochi #kochiairport #FloodPreparedness
2018-08-09 11:33:58,connecting100,0,"The gates of the Idukki dam was opened today. The move comes after the third shutter of the Idukki dam has been raised 50 cm at 12.30 pm as part of the trial run for opening the Idukki dam. #KeralaFloods #Kerala #KeralaRain pic.twitter.com/8saxjiG11a",,#KeralaFloods #Kerala #KeralaRain
2018-08-09 11:33:52,saysarun,0,"Does anyone have a proper list of all the dams in Kerala with capacities, and other dimensions? #Dam #KeralaFloods",,#Dam #KeralaFloods
2018-08-09 11:29:37,TLM_Politics,2,"#keralarains : Landslides, floods kill 22 people; #kochiairport suspends arrivals. #Kochi #KeralaFloods #TheLiveMirror @SauravMukherji https://www. thelivemirror.com/kerala-rains-l andslides-kill-22-people-kochi-airport-suspends-arrivals/ …",@SauravMukherji,#keralarains #kochiairport #Kochi #KeralaFloods #TheLiveMirror
2018-08-09 11:29:27,thelivemirror,0,"#keralarains : Landslides, floods kill 22 people; #kochiairport suspends arrivals. #Kochi #KeralaFloods #TheLiveMirror @SauravMukherji https://www. thelivemirror.com/kerala-rains-l andslides-kill-22-people-kochi-airport-suspends-arrivals/ …",@SauravMukherji,#keralarains #kochiairport #Kochi #KeralaFloods #TheLiveMirror
2018-08-09 11:28:56,Studioj2011,0,"Finally hoping to be back home town #CIAL #keralarains #KeralaFloods https:// twitter.com/TheWeekLive/st atus/1027500498646065153 …",,#CIAL #keralarains #KeralaFloods
2018-08-09 11:23:02,MICDropBaam,0,"#KeralaFloods we are a state who provides significantly to the income of Indian government through foreign currency, spices export etc. The central government takes our money and tries to develop other states, they don't even care if the people die here.",,#KeralaFloods
2018-08-09 11:21:29,EvergreenSumi03,0,"What are the Career Opportunities in Safety course? https://www. linkedin.com/pulse/what-car eer-opportunities-safety-course-sumathi-s/?published=t … #career #fresher #student #course #Vishwaroopam2FromTomorrow #KeralaFloods #Trisha #IdukkiDam #KeralaRain",,#career #fresher #student #course #Vishwaroopam2FromTomorrow #KeralaFloods #Trisha #IdukkiDam #KeralaRain
2018-08-09 11:20:42,udayavani_web,0,"Flood situation 'grave' in #KeralaFloods ; 20 dead, 22 dams opened http:// bit.ly/2Mx8Li8",,#KeralaFloods
2018-08-09 11:19:41,Sudhi_Manchira,3,"Big Breaking : Water authority stopped pumping from Aluva & Muvattupuzha Shortage of water will effect in Kochi for 3 days Be prepare & store drinking water Share This News #IdukkiDam #KeralaFloods pic.twitter.com/u8S0v5hpL3",,#IdukkiDam #KeralaFloods
2018-08-09 11:19:15,indiavoicenews,1,"Visual of #KeralaFloods pic.twitter.com/6IZbiyh4dv",,#KeralaFloods
2018-08-09 11:17:54,bijugovind,29,"#keralarains #KeralaFloods #Nilambur #Wandoor road #Malappuram #Kerala pic.twitter.com/u4b4dfljUl",,#keralarains #KeralaFloods #Nilambur #Wandoor #Malappuram #Kerala
2018-08-09 11:17:34,NajmaFatma16,3,"Historic Moment After 26 years, shutters of the #IdukkiDam opened for trial run as water level rises up to nearly 2399 ft in the reservoir. One of the 5 Shutters the middle shutter of the Cheruthoni dam has been lifeted up by 50cm for trial Run. #KeralaFloods #KeralaRains",,#IdukkiDam #KeralaFloods #KeralaRains
2018-08-09 11:17:31,ShijUKrRisH,0,"Kerala rains LIVE: Death toll rises to 22, operations resume at Kochi airport, red alert in Wayanad #KeralaFloods",,#KeralaFloods
2018-08-09 11:17:29,indiavoicenews,6,"18 people killed due to heavy rainfall and landslides in Kerala. #KeralaFloods pic.twitter.com/G2ptRLKwNS",,#KeralaFloods
2018-08-09 11:17:19,Daivas111,2,"#keralarains It's getting worse.. #Kerala Continue to be in #KeralaFloods pic.twitter.com/eDgbh4QEfC – at Kidangara",,#keralarains #Kerala #KeralaFloods
2018-08-09 11:16:58,ShijUKrRisH,0,"Big Breaking : Water authority stopped pumping from Aluva & Muvattupuzha. Shortage of water will effect in Kochi for 3 days Save Water #IdukkiDam #KeralaFloods https://twitter.com/Forumreelz/status/1027511589602115584/photo/1 pic.twitter.com/hMvIgi4bup",,#IdukkiDam #KeralaFloods
2018-08-09 11:15:02,roshini008,0,"20 killed as heavy rains wreak havoc in Kerala, Over 100 houses vacated,12 camps set up in Paravur Taluk #keralarains #KeralaRain #KeralaFloods #Kerala",,#keralarains #KeralaRain #KeralaFloods #Kerala
2018-08-09 11:14:07,dilrajnp,0,"Rides like these are extremely dangerous in heavy #KeralaRain #KeralaFloods . Guidelines for #tourists in #Kerala pic.twitter.com/WBbeu0weoe",,#KeralaRain #KeralaFloods #tourists #Kerala
2018-08-09 11:13:50,Veeru_Journo,0,"The trial run prior to the opening of the Idukki dam #Kerala #KeralaFloods pic.twitter.com/cBI8cTFpsY",,#Kerala #KeralaFloods
2018-08-09 11:13:41,latestly,1,"Kerala Rains Claim 20 Lives, Several Rescued From Flooded Low-Lying Areas; Air, Road, Rail Traffic Affected #KeralaFloods #Kerala #KeralaRain https://www. latestly.com/india/news/ker ala-rains-claim-20-lives-several-rescued-from-flooded-low-lying-areas-air-road-rail-traffic-affected-315700.html …",,#KeralaFloods #Kerala #KeralaRain
2018-08-09 11:12:04,Studioj2011,0,"Be safe #KeralaFloods https:// twitter.com/drshamamohd/st atus/1027474683854172161 …",,#KeralaFloods
2018-08-09 11:11:54,irfannathi,1,"After 26 years, shutters of the #IdukkiDam opened for trial run as water level rises up to nearly 2399 ft in the reservoir. 1 of 5 Shutters the middle shutter of the Cheruthoni dam has been lifeted up by 50cm for trial Run. #KeralaFloods #keralaRains #keralarains #kerala #BeSafe pic.twitter.com/Rchvov1uNf",,#IdukkiDam #KeralaFloods #keralaRains #keralarains #kerala #BeSafe
2018-08-09 11:10:03,rajesh_r77,0,"Rain rain go away.. #Rain #KeralaRain #KeralaFloods",,#Rain #KeralaRain #KeralaFloods
2018-08-09 11:09:24,Studioj2011,0,"Flights cancelled Stuck in Airport. Hope late evening flight operates #IdukkiDam #KeralaFloods #KeralaRain https:// twitter.com/MoviePlanet8/s tatus/1027461746552922114 …",,#IdukkiDam #KeralaFloods #KeralaRain
2018-08-09 11:08:03,NewsWorldIN,0,"20 Killed Due To Heavy Rains Across Kerala, 22 Dams Opened Due To Rising Water Levels @CMOKerala #KeralaFloods #KeralaRain @vijayanpinarayi @IYCKerala @IYC http://www. newsworldindia.in/national/kille d-due-to-heavy-rains-across-kerala-dams-opened-due-to-rising-water-levels/306059/ …",@CMOKerala @vijayanpinarayi @IYCKerala @IYC,#KeralaFloods #KeralaRain
2018-08-09 11:06:53,MICDropBaam,0,"#KeralaFloods The state or central governments don't care.",,#KeralaFloods
2018-08-09 11:05:25,tree_monks,1,"After 26 years, shutters of the #IdukkiDam opened for trial run as water level rises up to nearly 2399 ft in the reservoir. 1 of 5 Shutters the middle shutter of the Cheruthoni dam has been lifeted up by 50cm for trial Run. #KeralaFloods #keralaRains #keralarains #kerala #BeSafe pic.twitter.com/89xFUCIZQm",,#IdukkiDam #KeralaFloods #keralaRains #keralarains #kerala #BeSafe
2018-08-09 11:04:23,pvarjun31,0,"Mg university postpone exam but what about admission of supplementary students..Wants to report in the calamity itself??last date to report tomorrow(10/8) 4.30 #KeralaFloods #mgu",,#KeralaFloods #mgu
2018-08-09 11:03:41,name_is_Sana,21,"#IdukkiDam shutter open after 26 years. Trial Run (50cm) Now n the situation is in control. #KeralaFloods #KeralaRains pic.twitter.com/RulvD4Aejg",,#IdukkiDam #KeralaFloods #KeralaRains
2018-08-09 11:03:19,PRjitH_,13,"#KeralaFloods #keralaRains #Kerala Be safe pic.twitter.com/6HA45dESvY",,#KeralaFloods #keralaRains #Kerala
2018-08-09 11:03:07,RapidResponse,2,"Heavy Monsoon Rains caused severe landslides and flooding in many parts of Kerala. We are currently monitoring the situation. #KeralaFloods #KeralaRain #KeralaFlood #Kerala pic.twitter.com/AquvsFghFH",,#KeralaFloods #KeralaRain #KeralaFlood #Kerala
2018-08-09 11:02:50,VijayFansTweet,1,"District helpline numbers #KeralaFloods #Keralarains https://twitter.com/AVFOTeam/status/1027508533003091968/photo/1 pic.twitter.com/C6eXoPtK9a",,#KeralaFloods #Keralarains
2018-08-09 11:02:25,IamHiralRana,1,"District Control Room Numbers. More rains in store for Kerala: Met Dept predicts heavy rainfall until Friday. #KeralaFloods #KeralaRain #PleaseRT https:// twitter.com/dhanyarajendra n/status/1027500383877267457 …",,#KeralaFloods #KeralaRain #PleaseRT
2018-08-09 10:49:19,NewsMobileIndia,3,"20 people killed in Kerala’s torrential rains; flights resumed after 2 hours http:// bit.ly/2vW6BBM #KeralaFloods",,#KeralaFloods
2018-08-09 10:42:55,dt_next,1,"Heavy rains in Kerala today claimed 20 lives, leaving a trail of destruction across the southern state https://www. dtnext.in/News/TamilNadu /2018/08/09160608/1083541/Idukki-dam-shutter-opened-after-26-years-arrivals-.vpf?TId=112141 … #KeralaFloods #keralarains #IdukkiDam",,#KeralaFloods #keralarains #IdukkiDam
2018-08-09 10:36:52,RenjiniVarghese,9,"District helpline numbers Kerala #keralafloods #keralarains pic.twitter.com/GxMSWij8Gx",,#keralafloods #keralarains
2018-08-09 10:36:30,Hariindic,2,"Due to heavy rains in #Kerala , Idukki dam opened for the first time in 26 years. #KeralaFloods",,#Kerala #KeralaFloods
2018-08-09 10:35:18,Oneindia,0,"Kerala floods update: Over 100 houses vacated,12 camps set up in Paravur Taluk #keralarains #IdukkiDam #Keralafloods https://www. oneindia.com/india/kerala-f loods-update-water-is-flowing-into-the-operational-area-of-kochi-international-airport-2752769.html?utm_campaign=writer-share&utm_source=Chennabasaveshwar-promo&utm_medium=social …",,#keralarains #IdukkiDam #Keralafloods
2018-08-09 10:34:55,TheWeekLive,3,"#UPDATE : Trail run at Cheruthoni dam to go on till 4:30 pm on Thursday https:// bit.ly/2M3fHqY #KeralaFloods",,#UPDATE #KeralaFloods
2018-08-09 10:23:03,TheWeekLive,9,"#Kerala Update: Operations resume at #cochin International Airport after halting arrivals for some time on Thursday, says official https:// bit.ly/2Mw3F5T #CIAL #KeralaFloods",,#Kerala #cochin #CIAL #KeralaFloods
2018-08-09 10:12:56,Pradeep_Kunnath,0,"State of affairs In Kerala right now #KeralaFloods #KeralaRain #IdukkiDam https:// twitter.com/rajannair17/st atus/1027405728406036481 …",,#KeralaFloods #KeralaRain #IdukkiDam
2018-08-09 10:12:40,NewIndianXpress,15,"Heavy rain triggers landslides in #Idukki , at least 10 persons dead. View here: https:// goo.gl/kYPcXx Also read, Kerala monsoon fury: 20 deaths in a day: https:// goo.gl/azHLS5 #KeralaRain #KeralaFloods pic.twitter.com/onm4dklU7g",,#Idukki #KeralaRain #KeralaFloods
2018-08-09 10:12:19,krishnan_s,0,"its near my house, Fully submerged till first floor. heaviest downpour ever seen. scary scenes. #KeralaFloods #Rainstorm https:// twitter.com/manoramanews/s tatus/1027461647042924544 …",,#KeralaFloods #Rainstorm
2018-08-09 10:08:35,aswin1985,2,"Is Varuna reclaiming the land from Parasurama? Can someone talk to the water God please? #Keralafloods #keralaflood Wayanad is cut off. Parts of Palakkad Idukki Ernakulam Kozhikode Malappuram Allepey Kottayam are effected.",,#Keralafloods #keralaflood
2018-08-09 10:07:36,VeeJenish,1,"Heavy Rain & Landslides in Kerala. Prayers for Kerala ,,, #KeralaFloods",,#KeralaFloods
2018-08-09 10:07:03,dilrajnp,1,"Guidelines for tourists in #KeralaFloods . Things to avoid while travelling in #Kerala in the heavy rain. pic.twitter.com/yy3TT7odnM",,#KeralaFloods #Kerala
2018-08-09 10:03:02,dilrajnp,1,"Avoid roads like these as heavy rain lashing in the hilly regions of #Kerala Floods situation worsens #KeralaFloods pic.twitter.com/K8FGvDHDJo",,#Kerala #KeralaFloods
2018-08-09 10:02:18,dearrathish,0,"Sad, Kerala choked with Monsoon .. Cochin Airport closed. #Keralafloods",,#Keralafloods
2018-08-09 10:01:16,bpradeepnair,0,"Kochi airport has resumed operations after briefly suspending incoming flights. #keralarains #KeralaFloods",,#keralarains #KeralaFloods
2018-08-09 09:58:11,dilrajnp,0,"Be on the safer side. #KeralaFloods https:// twitter.com/TrekKerala/sta tus/1027493340478988289 …",,#KeralaFloods
2018-08-09 09:56:41,Madrassan_Pinky,90,"#KeralaRain One shutter of the Cheruthoni Dam, a part of the dam system of the Idukki hydel reservoir, opened after 26 years, following heavy rains. #KeralaFloods @abpnewstv pic.twitter.com/QgcjLmMxVK",@abpnewstv,#KeralaRain #KeralaFloods
2018-08-09 09:54:36,TrekKerala,1,"Avoid taking selfie and photos by the side of flooding river #Kerala #KeralaFloods pic.twitter.com/Dblj6Iw2kM",,#Kerala #KeralaFloods
2018-08-09 09:54:17,rajeshkumarc1,23,"Kerala is facg an unprecedentd heavy rains. All 44 rivers r flowg over the banks, For d first time 22 dams shutters opend together. All low lying areas are inundated & normal life of thousands has been affected. More than 50 ppl died. Only thing to say is #StaySafe #KeralaFloods pic.twitter.com/pLqB13DJVu",,#StaySafe #KeralaFloods
2018-08-09 09:50:52,TweetsOfSunil,0,"After 26 years, shutters of the #IdukkiDam opened for trial run as water level rises up to nearly 2399 ft in the reservoir. One of the 5 Shutters the middle shutter of the Cheruthoni dam has been lifeted up by 50cm for trial Run. #KeralaFloods pic.twitter.com/xoL6W3V7Ql",,#IdukkiDam #KeralaFloods
2018-08-09 09:47:33,jabinchacko,0,"#KeralaFloods #keralarains Hope things will get sorted soon! https:// twitter.com/ANI/status/102 7490825574535168 …",,#KeralaFloods #keralarains
2018-08-09 09:46:40,KananUdeshi1,0,"Kerala Rains cause heavy landslides and flooding after the Idukki dam was opened after 26 years #KeralaFloods #keralarains pic.twitter.com/arjvatO4dP",,#KeralaFloods #keralarains
2018-08-09 09:43:02,sakcbe,0,"OMG! #KeralaFloods have taken the State to the brink! Last week, there was a lot of talk of Idukki dam being opened. But the situation petered out. Now, all of a sudden, we're told the dam's gates are being opened!",,#KeralaFloods
2018-08-09 09:39:23,PayelSe77728161,0,"Kerala flood kills 20 people #Kerala #KeralaFloods pic.twitter.com/XPynP2Ou9V",,#Kerala #KeralaFloods
2018-08-09 09:36:58,iBitterScotch,3,"My apeal to all young energetic keralite youths to unite and help the needy of floods. Show us your ur united strength. #unitedkerala #keralarains #keralayouth #RT #Kerala #KeralaFloods #collectivestrength @DrShrinidh",@DrShrinidh,#unitedkerala #keralarains #keralayouth #RT #Kerala #KeralaFloods #collectivestrength
2018-08-09 09:34:06,jioxpressnews,0,"#KeralaFloods leave 20 dead, Nehru boat race postponed. http:// tinyurl.com/ybltpuuy #BOATRACE #Monsoon2018",,#KeralaFloods #BOATRACE #Monsoon2018
2018-08-09 09:32:56,OnmanoramaLive,2,"#KeralaFloods Kerala CM Pinarayi Vijayan has said that as many as 22 dams have been opened. The CM termed it an unprecedented situation https:// english.manoramaonline.com/news/kerala/20 18/08/09/kerala-heavy-rain-idamalayar-dam-idukki.html … pic.twitter.com/lAyobylKgK",,#KeralaFloods
2018-08-09 09:21:30,_muraliwrites,1,"#KeralaFloods so, national media again suffers the tyranny of distance. No coverage of an unprecedented situation.",,#KeralaFloods
2018-08-09 09:00:27,Oneindia,5,"Heavy rains, landslides claim 18 lives in Kerala #KeralaFloods #keralarains #Idukkidam https://www. oneindia.com/kochi/heavy-ra ins-landslides-claim-16-lives-in-kerala-2752536.html?utm_campaign=writer-share&utm_source=Chennabasaveshwar-promo&utm_medium=social …",,#KeralaFloods #keralarains #Idukkidam
2018-08-09 08:53:12,NH_India,10,"At least 18 people were killed as heavy rains and landslides hit parts of #Kerala on Thursday. Water was released from #Idamalayardam and #Idukkidam shutter is likely to be opened too #Keralarains #KeralaFloods https://www. nationalheraldindia.com/india/heavy-ra ins-lash-kerala-landslides-and-floods-kill-18 …",,#Kerala #Idamalayardam #Idukkidam #Keralarains #KeralaFloods
2018-08-09 08:52:09,chhaya668,1,"#KeralaFloods It is very sad to listen news about so many people have lost their lives in the flood.If it is every years problem then how did they were not aware?",,#KeralaFloods
2018-08-09 08:46:11,richusalam,4,"National media doesn't pay attention to #KeralaFloods Kerala on high alert and the situation is getting worse. @MirrorNow",@MirrorNow,#KeralaFloods
2018-08-09 08:40:28,drshamamohd,8,"Anguished to hear of the death of more than 18 people in heavy rains & landslides in #KeralaFloods . My thoughts are with the families of the deceased. The state govt must step up relief efforts to ensure that more lives aren't lost. https:// timesofindia.indiatimes.com/city/thiruvana nthapuram/18-killed-in-landslides-and-heavy-rains-in-kerala/articleshow/65334807.cms …",,#KeralaFloods
2018-08-09 08:33:52,RajeshMenon70,0,"Probably #Kerala rain was not taken into account #Keralafloods #monsoon https:// twitter.com/SkymetWeather/ status/1027472125211357184 …",,#Kerala #Keralafloods #monsoon
2018-08-09 08:29:32,Oneindia,0,"#Breaking | Nehru Trophy Boat Race has been cancelled: Kerala CM Pinarayi Vijayan #keralarains #KeralaFloods",,#Breaking #keralarains #KeralaFloods
2018-08-09 08:28:55,RajeshMenon70,110,"The ingenious #Malayali will never leave a chance. Fishing at #Palakkad bus stand #Keralafloods pic.twitter.com/RjRamUCQq8",,#Malayali #Palakkad #Keralafloods
2018-08-09 08:17:14,GargiRawat,37,"The gates of 22 dams have been opened in Kerala due to increasing water levels . 20 dead in floods and landslides.. Cochin Airport suspends incoming flights #Kerala #KeralaFloods",,#Kerala #KeralaFloods
2018-08-09 08:16:26,RajeshMenon70,5,"Chandranagar junction in #Palakkad #Kerala the main junction that connects Coimbatore #Keralafloods pic.twitter.com/P0u0Pa2B9a",,#Palakkad #Kerala #Keralafloods
2018-08-09 08:15:46,dhanyarajendran,16,"'Unprecedented situation': Kerala CM takes stock as heavy rains lash the state. #KeralaFloods #KeralaRains https://www. thenewsminute.com/article/unprec edented-situation-kerala-cm-takes-stock-heavy-rains-lash-state-86248 …",,#KeralaFloods #KeralaRains
2018-08-09 08:15:11,RajeshMenon70,5,"#Monsoon fury at Chandranagar in #Palakkad in #Kerala #Keralafloods pic.twitter.com/VIr8bwuArZ",,#Monsoon #Palakkad #Kerala #Keralafloods
2018-08-09 07:55:40,MoviePlanet8,5,"As a measure of precaution, Cochin airport closed for all arrival flights stopping from 1.10 pm today #IdukkiDam #KeralaFloods #KeralaRains",,#IdukkiDam #KeralaFloods #KeralaRains
2018-08-09 07:49:04,MoviePlanet8,306,"Historic Moment After 26 years, shutters of the #IdukkiDam opened for trial run as water level rises up to nearly 2399 ft in the reservoir. One of the 5 Shutters the middle shutter of the Cheruthoni dam has been lifeted up by 50cm for trial Run. #KeralaFloods #keralaRains pic.twitter.com/oeJeET39as",,#IdukkiDam #KeralaFloods #keralaRains
2018-08-09 07:39:22,ajithucc,1,"Flood alert: Cochin International Airport stops arrival operations as a precautionary measure #keralarains #KeralaFloods #EdamalayarDam #Kerala #CIAL pic.twitter.com/CNBRepv9sx",,#keralarains #KeralaFloods #EdamalayarDam #Kerala #CIAL
2018-08-09 07:33:49,ajithucc,0,"Idukki dam shutters opened. Trial run started #Idukki #IDUKKIDAM #IDAMALAYAR #EdamalayarDam #periyar #waterlever #Keralarains #KeralaFloods pic.twitter.com/dcTWyg5VwA",,#Idukki #IDUKKIDAM #IDAMALAYAR #EdamalayarDam #periyar #waterlever #Keralarains #KeralaFloods
2018-08-09 07:31:25,merinews,8,"#BREAKING : After 26 years, shutters of the #IdukkiDam opened for trial run as water level rises up to nearly 2399 ft in the reservoir. One of the 5 Shutters the middle shutter of the Cheruthoni dam has been lifeted up by 50cm for trial Run. #KeralaFloods #keralaRains pic.twitter.com/0PX9vMb19M",,#BREAKING #IdukkiDam #KeralaFloods #keralaRains
2018-08-09 07:24:30,DeccanHerald,0,"10 people were killed in landslides in Idukki, five in Malappuram, two in Kannur and one in Wayanad district. #KeralaFloods https://www. deccanherald.com/national/18-ki lled-landslides-and-heavy-686511.html …",,#KeralaFloods
2018-08-09 07:18:45,NedrickExpress,3,"20 people die in #Kerala owing to flooding and landslides following heavy and incessant rains #keralarains #KeralaFloods @CMOKerala",@CMOKerala,#Kerala #keralarains #KeralaFloods
2018-08-09 07:14:28,sunandnr,2,"#KeralaFloods -truly flooded it is!! #climatechange",,#KeralaFloods #climatechange
2018-08-09 07:13:39,TheWeekLive,7,"#idukki dam shutters opened, alert issued in #Kerala https:// bit.ly/2M3fHqY #KeralaFloods #keralarains",,#idukki #Kerala #KeralaFloods #keralarains
2018-08-09 07:07:00,shanksnews,0,"#idukki dams third shutter opened for first time in 26 years in #Kerala Flooding likely in #periyar and #aluva #KeralaFloods",,#idukki #Kerala #periyar #aluva #KeralaFloods
2018-08-09 06:53:04,IExpressSouth,13,"#KeralaFloods | Most of the casualties have been reported from Idukki district in central Kerala with 10 deaths https:// indianexpress.com/article/india/ kerala/kerala-landslides-heavy-rainfall-dead-in-idukki-malappuram-5298816/ …",,#KeralaFloods
2018-08-09 06:41:14,FinancialXpress,7,"#KeralaFloods : Heavy #rainfall , landslides kill at least 18 https://www. financialexpress.com/india-news/ker ala-rains-heavy-rainfall-landslides-kill-at-least-18/1274889/ …",,#KeralaFloods #rainfall
2018-08-09 06:32:42,peekeymon,0,"What’s this professional college shit in Kerala? Every time collector announces holidays due to rains etc professional colleges are exception. Don’t they have any concern for their safety #KeralaFloods",,#KeralaFloods
2018-08-09 06:03:00,Ansariabba,0,"#Kerala hits heavy rains. #KeralaFloods 13 deaths reported and 8 missing across the states. Dams shutter opened to lesser calamity. Huge loses incurred. @CMOKerala have taken measures to ensure safety and minimise lose. A new state development plan should be created for future. pic.twitter.com/PImfwnfUF5",@CMOKerala,#Kerala #KeralaFloods
2018-08-09 05:12:39,ChennaiRains,25,"#Palakkad records 214 mm rainfall for the 24 hours ending today morning 8:30 AM. Thats just about 20 mm short of highest recorded 24 hour rainfall in the city, 236 mm way back in May 1957, no wonder most areas are seeing floods #Keralafloods #Kerala #COMK pic.twitter.com/pbmV7aHfyK",,#Palakkad #Keralafloods #Kerala #COMK
2018-08-09 05:11:06,dr_chopper786,0,"They're catching FISH!! THESE GUYS ARE INSANE. They're using our mango grabbing basket-thingy to catch fish. Wait is that my parents? #GlobalWarming #KeralaFloods pic.twitter.com/qaezXISo44",,#GlobalWarming #KeralaFloods
2018-08-09 05:02:18,dr_chopper786,0,"Palakkad is siiinking!!! The prophecy is true. My neighbours standing outside. Watching our neighbourhood flood. Least bothered about their lives. Stay at home foolish people. Yes, I'm okay guys. #GlobalWarming #KeralaFloods pic.twitter.com/61wGbD5A4w",,#GlobalWarming #KeralaFloods
