date,username,to,replies,retweets,favorites,text,geo,mentions,hashtags,id,permalink
2018-12-31 04:59:34,TheDailyPioneer,,0,1,0,"#PioneerEdit - A man-made disaster : Mother nature punished humanity in India hard this year with devastating floods in Kerala and Manipur. #Manipur #Kerala #India #Floods https://www. dailypioneer.com/2018/columnist s/a-man-made-disaster.html … https://www. dailypioneer.com/2018/columnist s/a-man-made-disaster.html …",,,#PioneerEdit #Manipur #Kerala #India #Floods,1079602944172048384,https://twitter.com/TheDailyPioneer/status/1079602944172048384
2018-12-19 11:54:08,gggioli,,1,4,9,"Check out @amitangshu new paper ""When the river talks to its people” - how local communities in #India use their knowledge to #forecast #floods ? @GeosciencesEd https://www. sciencedirect.com/science/articl e/pii/S2211464518301738 …",,@amitangshu @GeosciencesEd,#India #forecast #floods,1075358619158372352,https://twitter.com/gggioli/status/1075358619158372352
2018-12-19 11:42:02,amitangshu,,12,21,69,"Glad to announce that our paper titled ""When the river talks to its people” is now in press at Environmental Development. It discusses how local communities in #India use their knowledge to #forecast #floods . cc @gotonura @PKashwan @sunilamrith @AnnuJal https://www. sciencedirect.com/science/articl e/pii/S2211464518301738 …",,@gotonura @PKashwan @sunilamrith @AnnuJal,#India #forecast #floods,1075355574622187521,https://twitter.com/amitangshu/status/1075355574622187521
2018-12-19 09:39:21,Gjallarhornet,,0,0,1,"Dust #storms to #floods , #India saw extreme weather in 2018 https:// qz.com/india/1499410/ kerala-floods-to-cyclone-phethai-india-saw-bad-weather-in-2018/ … pic.twitter.com/1lvbm9Kfia",,,#storms #floods #India,1075324700065095681,https://twitter.com/Gjallarhornet/status/1075324700065095681
2018-12-14 15:55:00,floodexpert,,0,0,0,"#India - turbulent tale of rivers, #floods and monsoons - https://www. nature.com/articles/d4158 6-018-07678-2?error=cookies_not_supported&code=188b3255-a779-4e0e-81c8-31619d47cdfd … https:// ecs.page.link/XMDi",,,#India #floods,1073607295035211777,https://twitter.com/floodexpert/status/1073607295035211777
2018-12-14 10:57:44,AlahednewsEn,,0,0,0,"India: 13 Miners Feared Dead in Remote Northeast http:// english.alahednews.com.lb/essaydetails.p hp?eid=45772&cid=545 … #india #mines #floods pic.twitter.com/ptaqTUI1vm",,,#india #mines #floods,1073532484111994880,https://twitter.com/AlahednewsEn/status/1073532484111994880
2018-12-13 06:38:19,humanityfirstuk,,0,9,20,"Our local team in #India responds to local natural #disasters such as #floods #cyclones pic.twitter.com/t49xdTNuyk",,,#India #disasters #floods #cyclones,1073104811720130560,https://twitter.com/humanityfirstuk/status/1073104811720130560
2018-12-13 04:47:24,holyspine,,0,0,0,"#India : a turbulent tale of rivers, #floods and #monsoons https://www. nature.com/articles/d4158 6-018-07678-2 …",,,#India #floods #monsoons,1073076899952287744,https://twitter.com/holyspine/status/1073076899952287744
2018-12-12 10:40:55,sustharvintl,,0,0,1,"#regenerator from #India at #cop24 discussing impact of #climatechange in her country, including #drought , #floods resulting #farmer suicides and islands now under water. @Katowice, Poland https://www. instagram.com/p/BrSMY7wHZCn/ ?utm_source=ig_twitter_share&igshid=110s940ojcp74 …",,@Katowice,#regenerator #India #cop24 #climatechange #drought #floods #farmer,1072803478387359749,https://twitter.com/sustharvintl/status/1072803478387359749
2018-12-09 06:47:13,humanityfirstuk,,1,28,64,"HF has been supporting victims of #floods and #CycloneGaja in #India pic.twitter.com/sm0g5JhVfV",,,#floods #CycloneGaja #India,1071657503216332800,https://twitter.com/humanityfirstuk/status/1071657503216332800
2018-12-06 16:30:17,OurRadiantEarth,,0,2,3,"#DisasterMapping : @hotosm is supporting mapping in response to Cyclone Gaja and #floods in #India & #Ebolaoutbreak in #Uganda and the DRC !More information about how to help w/ validation and mapping can be found on the Tasking Manager: https:// tinyurl.com/y73l35jy pic.twitter.com/Fh6iTfPSL2",,@hotosm,#DisasterMapping #floods #India #Ebolaoutbreak #Uganda,1070717073117102082,https://twitter.com/OurRadiantEarth/status/1070717073117102082
2018-12-05 09:04:49,HisaarF,,0,0,1,"The Global #Climate Risk Index 2019 released at the #Katowice summit shows that intense cyclones, excessive #rainfall and severe #floods make #India and its neighbours among the worst affected countries in the #world https://www. thethirdpole.net/en/2018/12/05/ south-and-southeast-asia-most-at-risk-by-climate-change/ … #SouthAsia #climatechange",,,#Climate #Katowice #rainfall #floods #India #world #SouthAsia #climatechange,1070242577562112000,https://twitter.com/HisaarF/status/1070242577562112000
2018-12-05 08:47:15,scurve,,0,8,3,"The Global #Climate Risk Index 2019 released at the #Katowice summit shows that intense #cyclones , excessive #rainfall and severe #floods make #India and its neighbours among the worst affected countries in the #world https://www. thethirdpole.net/en/2018/12/05/ south-and-southeast-asia-most-at-risk-by-climate-change/ …",,,#Climate #Katowice #cyclones #rainfall #floods #India #world,1070238159361990656,https://twitter.com/scurve/status/1070238159361990656
2018-12-05 08:37:57,ICD_climate,,0,13,6,"The Global #Climate Risk Index 2019 released at the #Katowice summit shows that #cyclones , excessive #rainfall and severe #floods make #India and its neighbours among the worst affected countries in the world @joydeepgupta @scurve @OmairTAhmad @Germanwatch https:// indiaclimatedialogue.net/2018/12/05/ext reme-weather-increases-indias-vulnerability-to-climate-change/ …",,@joydeepgupta @scurve @OmairTAhmad @Germanwatch,#Climate #Katowice #cyclones #rainfall #floods #India,1070235816620888064,https://twitter.com/ICD_climate/status/1070235816620888064
2018-12-05 08:34:56,scurve,,0,0,1,"The Global #Climate Risk Index 2019 released at the #Katowice summit shows that intense #cyclones , excessive #rainfall and severe #floods make #India and its neighbours among the worst affected countries in the world @COP24 #COP24 @Germanwatch https:// indiaclimatedialogue.net/2018/12/05/ext reme-weather-increases-indias-vulnerability-to-climate-change/ …",,@COP24 @Germanwatch,#Climate #Katowice #cyclones #rainfall #floods #India #COP24,1070235060085895173,https://twitter.com/scurve/status/1070235060085895173
2018-12-04 16:25:14,karolina_kurzac,,0,0,0,"Google is using #AI to predict #floods in #India and warn users The service is part of the global #Google Public Alerts program http:// bit.ly/2zsJbqn #AIIndia #AI4Good #ArtificialIntelligence",,,#AI #floods #India #Google #AIIndia #AI4Good #ArtificialIntelligence,1069991026193022976,https://twitter.com/karolina_kurzac/status/1069991026193022976
2018-12-02 17:24:10,ash66ok,,0,0,0,"#india #floods @india @indiafloods pic.twitter.com/XpkipXmthb",,@india @indiafloods,#india #floods,1069281079532507136,https://twitter.com/ash66ok/status/1069281079532507136
2018-12-02 03:36:00,EvrNaik,,1,1,0,"https:// youtu.be/EN3pKVNq4vQ If Sins & Crimes- not conrolled& if agrcl anmlas(bulls, #cows , buffalo es)& agrcl system not saved,all Rich Nations become poor,Ppl die due to lack of food in future+ #Floods ,EQ,Crtcl diszs,Crtc accdnts,etc happen in future! #UK , #USA , #India , #politicians",,,#cows #Floods #UK #USA #India #politicians,1069072665183309825,https://twitter.com/EvrNaik/status/1069072665183309825
2018-12-02 01:38:56,EvrNaik,,0,1,0,"https:// youtu.be/O3zMVsxepNQ Imp of Agrcl animals,agrcl system true gods places:- If any Poltcal leader support/helps Cruel Ppl/Crl leaders, #Floods , #earthquake , #planeaccidents , #criticaldiszs occur, 1 wash will finish all Dev ! Ex.Kerala State cows-sin,etc ! #pokiticians , #India , #USA",,,#Floods #earthquake #planeaccidents #criticaldiszs #pokiticians #India #USA,1069043205130207234,https://twitter.com/EvrNaik/status/1069043205130207234
2018-11-28 22:27:30,NasserNajibi,,0,1,3,"How much do #floods cost #India ? by World Bank https:// link.medium.com/nk9sizAVdS",,,#floods #India,1067907864793096193,https://twitter.com/NasserNajibi/status/1067907864793096193
2018-11-28 17:17:59,Ede_WBG,,0,0,0,"How much do #floods cost #India ? http:// t.newsletterint.worldbank.org/r/?id=h23a9b58 ,15e60f1,160561a … @GFDRR @WorldBankSAsia",,@GFDRR @WorldBankSAsia,#floods #India,1067829970934870016,https://twitter.com/Ede_WBG/status/1067829970934870016
2018-11-26 10:14:52,Mastaan27,,0,0,0,"#UddhavThackarey don’t know how to save #Farmers of #Maharashtra , don’t know how to save #Bombay from #Floods , how come #ShivSena comes to #Power every time without doing anything for #Poor people? #GoonsOfMaharashtra #HinduExtremists #India https:// mumbaimirror.indiatimes.com/mumbai/other/u ddhav-thackeray-if-bjp-doesnt-build-ram-temple-it-wont-form-the-next-government/articleshow/66794058.cms …",,,#UddhavThackarey #Farmers #Maharashtra #Bombay #Floods #ShivSena #Power #Poor #GoonsOfMaharashtra #HinduExtremists #India,1066998715133714432,https://twitter.com/Mastaan27/status/1066998715133714432
2018-11-26 07:43:35,PropToq,,0,0,0,"A sum of Rs 4.7 crore has been allotted to provide #financial aid to #reconstruct houses destroyed in the #floods in #Kochi . As per #Rebuild #Kerala app survey, t was found that 2,923 #houses were destroyed in the #floods . #News #PropTOQ #India #Realty https://www. youtube.com/watch?v=07aDTl KLSCg … … pic.twitter.com/Ej2vE8UW6m",,,#financial #reconstruct #floods #Kochi #Rebuild #Kerala #houses #floods #News #PropTOQ #India #Realty,1066960642676912128,https://twitter.com/PropToq/status/1066960642676912128
2018-11-20 05:21:20,ICD_climate,,0,11,10,"Besides rising #temperatures and #sealevels , #climatechange is increasingly leading to extreme #rainfall , #Floods and #cyclones to occur at the same time in #India , says a new study @joydeepgupta @scurve @OmairTAhmad @beth_wa @ManipadmaJena https:// indiaclimatedialogue.net/2018/11/19/mul tiple-climate-hazards-hitting-india-together/ …",,@joydeepgupta @scurve @OmairTAhmad @beth_wa @ManipadmaJena,#temperatures #sealevels #climatechange #rainfall #Floods #cyclones #India,1064750518755577857,https://twitter.com/ICD_climate/status/1064750518755577857
2018-11-20 05:19:47,scurve,,0,0,0,"Besides rising #temperatures and #sealevels , #climatechange is increasingly leading to extreme #rainfall , #floods and #cyclones to occur at the same time in #India , says a new study https:// indiaclimatedialogue.net/2018/11/19/mul tiple-climate-hazards-hitting-india-together/ …",,,#temperatures #sealevels #climatechange #rainfall #floods #cyclones #India,1064750126936264709,https://twitter.com/scurve/status/1064750126936264709
2018-11-19 08:30:04,HealthCheck_in,,0,3,3,"How did #Kerala , home to highest number (5 mn) of diabetes+hypertension patients in #India , deal with potential #healthcrisis during Aug #floods ? How did it stave off water- & vector-borne #disease that come with floods? We investigate across 4 districts https:// bit.ly/2Q4LxVu",,,#Kerala #India #healthcrisis #floods #disease,1064435629260488704,https://twitter.com/HealthCheck_in/status/1064435629260488704
2018-11-19 04:55:41,_Christianna_,,0,0,2,"Latest ECMWF Run 19th-28th November showing rain #ECMWF #USWeather #CAwx #CARain #Floods #Mudslides #Wildfires #Eastcoast #Noreaster #Storms #Rain #Snow #SpainWave #Waves #HighSeas #CanaryIslands #Tenerife #Greenland #Samuel #Gaja #India #Philippines #Vietnam #UK #WorldWeather pic.twitter.com/6Afu1N30ph",,,#ECMWF #USWeather #CAwx #CARain #Floods #Mudslides #Wildfires #Eastcoast #Noreaster #Storms #Rain #Snow #SpainWave #Waves #HighSeas #CanaryIslands #Tenerife #Greenland #Samuel #Gaja #India #Philippines #Vietnam #UK #WorldWeather,1064381674664980480,https://twitter.com/_Christianna_/status/1064381674664980480
2018-11-19 00:35:02,IndiaSpend,,1,10,18,"How did #Kerala , home to highest number (5 mn) of diabetes+hypertension patients in #India , deal with potential #healthcrisis during Aug #floods ? How did it stave off water- and vector-borne #disease that come with floods? We investigate across 4 districts https:// bit.ly/2Q4LxVu",,,#Kerala #India #healthcrisis #floods #disease,1064316079751745536,https://twitter.com/IndiaSpend/status/1064316079751745536
2018-11-16 13:09:45,yiquai,,0,0,0,"“How much do #floods cost #India ?” ⁦ @WorldBank ⁩ https:// link.medium.com/ZvEAj81mTR",,@WorldBank,#floods #India,1063418849524109313,https://twitter.com/yiquai/status/1063418849524109313
2018-11-16 10:33:46,grp_resilience,,0,0,1,"How much do you think #floods cost #India in recovery costs every year? #resilience #DRR https:// medium.com/world-of-oppor tunity/how-much-do-floods-cost-india-4a9446117f71 … …",,,#floods #India #resilience #DRR,1063379592633860096,https://twitter.com/grp_resilience/status/1063379592633860096
2018-11-15 14:16:35,Ehsanul_Hoque,RiversTROSA,0,0,0,"#human lives in #downstream countries too! Dear friends in upstream countries, let us live responsibly and listen the cry of fellow humans. #Bangladesh #india #China #Nepal #Bhutan #Myanmar #floods #drought https:// twitter.com/RiversTROSA/st atus/1062919646070870019 …",,,#human #downstream #Bangladesh #india #China #Nepal #Bhutan #Myanmar #floods #drought,1063073277927612416,https://twitter.com/Ehsanul_Hoque/status/1063073277927612416
2018-11-15 13:53:15,IRCWASH,,0,1,0,"The floods in #Kerala #India earlier this year put the region on the spot. #IWRM will have to be a key pillar in managing #floods & droughts. Read the guest blog http:// bit.ly/2K6gVgQ",,,#Kerala #India #IWRM #floods,1063067407080701952,https://twitter.com/IRCWASH/status/1063067407080701952
2018-11-11 21:19:09,jm_sport,,0,1,5,"L`ecole #Chempaka , #ICSE School for the #discerning , #Trivandrum #India #Kerala Dr. Alexander #Jacob I.P.S. #Thiruvanathapuram #Airport #500pxrtg #500px #Karate #blackandwhitephoto #photography #portraitphotography #India #floods pic.twitter.com/lCBtCWiYce",,,#Chempaka #ICSE #discerning #Trivandrum #India #Kerala #Jacob #Thiruvanathapuram #Airport #500pxrtg #500px #Karate #blackandwhitephoto #photography #portraitphotography #India #floods,1061730070530834432,https://twitter.com/jm_sport/status/1061730070530834432
2018-11-11 19:01:17,ihedelft,,0,3,2,"#Kerala #India , with its beautiful landscape was devastated by #flooding . It is one of the best governed states in India, yet these #floods were not anticipate and averted, why? IHE Delft flood experts try to answer this question. Story: http:// ow.ly/sdfx30lKVg9 @profzevenbergen pic.twitter.com/pY2YLilL2n",,@profzevenbergen,#Kerala #India #flooding #floods,1061695376594472960,https://twitter.com/ihedelft/status/1061695376594472960
2018-11-05 18:05:28,UNCERF,,0,8,14,"Thanks to @UNCERF 's funding, @FAO is developing a time-critical project in #India aimed at saving livestock and supporting #employment , #agriculture and #livelihoods recovery for communities affected by #floods in Kerala #InvestInHumanity #ZeroHunger pic.twitter.com/R63Q95lMha",,@UNCERF @FAO,#India #employment #agriculture #livelihoods #floods #InvestInHumanity #ZeroHunger,1059507001124888578,https://twitter.com/UNCERF/status/1059507001124888578
2018-11-01 21:20:54,mohamma64508589,,0,12,20,"#China and #India are the most affected by #floods given the sheer size of population living along the #rivers . Floods in recent years (2010-2017) have been the costliest, costing USD118 billion for China, USD26 billion for India and USD19 billion for the rest of #HKH 8. pic.twitter.com/Jap0QHWA8t",,,#China #India #floods #rivers #HKH,1058106631047675904,https://twitter.com/mohamma64508589/status/1058106631047675904
2018-10-30 06:25:03,karolina_kurzac,,0,0,1,"Google is using #AI to predict #floods in #India and warn users The service is part of the global #Google Public Alerts program http:// bit.ly/2zsJbqn #AIIndia #AI4Good #ArtificialIntelligence",,,#AI #floods #India #Google #AIIndia #AI4Good #ArtificialIntelligence,1057156409232687105,https://twitter.com/karolina_kurzac/status/1057156409232687105
2018-10-26 20:26:27,GreyCrossStudio,,0,0,0,"There is no Saving a World Which is Bent on Destroying Itself https:// blog.immortalartist.com/p/we-may-all-b ecome-refugees-someday.html … … http:// immortalartist.com #climatechange #climateaction #extremeweather #apocalypse #hurricanes #floods #sealevelrise #climaterefugees #climateart #TajMahal #India pic.twitter.com/8wKgyBbC4X",,,#climatechange #climateaction #extremeweather #apocalypse #hurricanes #floods #sealevelrise #climaterefugees #climateart #TajMahal #India,1055918602069655559,https://twitter.com/GreyCrossStudio/status/1055918602069655559
2018-10-21 16:21:18,pennewstweet,,0,1,0,"All set for North-east Monsoon https://www. pennews.net/national/2018/ 10/21/all-set-for-north-east-monsoon … … #Northeastmonsoon #IndianMeteorologicalDepartment #IMD #TamilNadu #agriculturalproduction #AndhraPradesh #Kerala #Rabicrops #rainfall #India #CycloneOckhi #floods #MeTforecast",,,#Northeastmonsoon #IndianMeteorologicalDepartment #IMD #TamilNadu #agriculturalproduction #AndhraPradesh #Kerala #Rabicrops #rainfall #India #CycloneOckhi #floods #MeTforecast,1054044967813824513,https://twitter.com/pennewstweet/status/1054044967813824513
2018-10-21 13:13:41,pennewstweet,,0,0,0,"All set for North-east Monsoon https://www. pennews.net/national/2018/ 10/21/all-set-for-north-east-monsoon … #Northeastmonsoon #IndianMeteorologicalDepartment #IMD #TamilNadu #agriculturalproduction #AndhraPradesh #Kerala #Rabicrops #rainfall #India #CycloneOckhi #floods #MeTforecast",,,#Northeastmonsoon #IndianMeteorologicalDepartment #IMD #TamilNadu #agriculturalproduction #AndhraPradesh #Kerala #Rabicrops #rainfall #India #CycloneOckhi #floods #MeTforecast,1053997753339043840,https://twitter.com/pennewstweet/status/1053997753339043840
2018-10-19 17:43:18,Naji_Darwish,,0,0,0,"#Heartbreaking pics of #kerala #floods #helpkerela #india #sacrificealittle #achievealot #donate #charity https://www. savethechildren.org.uk/how-you-can-he lp/emergencies/kerala-floods … *More than 370 lives lost *Over 1 million people displaced *Crops in 42000 hectares lost *221 bridges collapsed *Homes filled with mud pic.twitter.com/Xqw4AoTNYy – at Fortkochi Beach",,,#Heartbreaking #kerala #floods #helpkerela #india #sacrificealittle #achievealot #donate #charity,1053340830868488192,https://twitter.com/Naji_Darwish/status/1053340830868488192
2018-10-15 18:00:45,SmithFrutex,,0,0,0,"EN ESTOS MOMENTOS EN LA INDIA Debastador #Ciclón #TITLI deja al momento 9 personas muertas , un número indeterminado de desaparecidos , Miles de desplazados y una estela de destrucción en la #India 15/10 #videos #rain #floods #lluvias https://www. facebook.com/SmithMendozaP/ videos/2431155033576254/ …",,,#Ciclón #TITLI #India #videos #rain #floods #lluvias,1051895669017985024,https://twitter.com/SmithFrutex/status/1051895669017985024
2018-10-15 04:12:34,ICRISAT_LIBRARY,,0,2,1,"#Google to use #AI to #predict #naturaldisasters #Google has announced plans to work with #CentralWaterCommissionofIndia . #Google will use #artificialintelligence to alert people in #India about impending #floods #MachineLearning #technology #AI #floods http://www. digitaljournal.com/tech-and-scien ce/technology/google-to-use-ai-to-predict-natural-disasters/article/533026#ixzz5TyAZuDgd …",,,#Google #AI #predict #naturaldisasters #Google #CentralWaterCommissionofIndia #Google #artificialintelligence #India #floods #MachineLearning #technology #AI #floods #ixzz5TyAZuDgd,1051687249614528512,https://twitter.com/ICRISAT_LIBRARY/status/1051687249614528512
2018-10-14 07:30:00,yenisafakEN,,0,1,0,"#Landslides , #floods in eastern #India kill fifteen https://www. yenisafak.com/en/world/lands lides-floods-in-eastern-india-kill-fifteen-3463480 … pic.twitter.com/0BuSeSllwZ",,,#Landslides #floods #India,1051374548149567488,https://twitter.com/yenisafakEN/status/1051374548149567488
2018-10-14 04:25:10,GreyCrossStudio,,0,0,0,"#TajMahal #India https:// blog.immortalartist.com/p/we-may-all-b ecome-refugees-someday.html … http:// immortalartist.com #climatechange #climateaction #ClimateChangeart #extremeweather #climatechangeaction #apocalypse #hurricanes #floods #sealevelrise #climaterefugees #climateart pic.twitter.com/u0xrKCSZLa",,,#TajMahal #India #climatechange #climateaction #ClimateChangeart #extremeweather #climatechangeaction #apocalypse #hurricanes #floods #sealevelrise #climaterefugees #climateart,1051328033695649792,https://twitter.com/GreyCrossStudio/status/1051328033695649792
2018-10-13 18:44:19,dailypakistangl,,0,1,0,"Cyclone Titli kills 21 in eastern India #cyclonetitli #floods #india http:// bit.ly/2ITN9LT",,,#cyclonetitli #floods #india,1051181858615160833,https://twitter.com/dailypakistangl/status/1051181858615160833
2018-10-13 12:56:21,GoNews24x7,,0,3,4,"Go #Headlines : #Odisha grapples with #floods ; #Chhattisgarh #Congress chief joins #BJP ; Low voter turn-out in J&K; #India elected to #UNHRC ; Massive #FB Breach. #FacebookHack #NEWS #JammuAndKashmir For more: http://www. gonews24x7.com pic.twitter.com/0d50Hd4NNI",,,#Headlines #Odisha #floods #Chhattisgarh #Congress #BJP #India #UNHRC #FB #FacebookHack #NEWS #JammuAndKashmir,1051094290452033537,https://twitter.com/GoNews24x7/status/1051094290452033537
2018-10-13 01:41:27,TUTDENISM,,0,0,0,"Debastador #Ciclón #TITLI deja al momento 9 personas muertas , un número indeterminado de desaparecidos , Miles de desplazados y una estela de destrucción en la #India 12/10 #videos #rain #floods #lluvias https://www. facebook.com/1396171293/pos ts/10213234769249225/ …",,,#Ciclón #TITLI #India #videos #rain #floods #lluvias,1050924442896031746,https://twitter.com/TUTDENISM/status/1050924442896031746
2018-10-12 22:05:44,Giulian30936403,,0,0,0,"Debastador #Ciclón #TITLI deja al momento 9 personas muertas , un número indeterminado de desaparecidos , Miles de desplazados y una estela de destrucción en la #India 12/10 #videos #rain #floods #lluvias",,,#Ciclón #TITLI #India #videos #rain #floods #lluvias,1050870157642485760,https://twitter.com/Giulian30936403/status/1050870157642485760
2018-10-12 21:50:00,alertarojanot,,1,60,48,"Debastador #Ciclón #TITLI deja al momento 9 personas muertas , un número indeterminado de desaparecidos , Miles de desplazados y una estela de destrucción en la #India 12/10 #videos #rain #floods #lluvias pic.twitter.com/vv9yzG1UCS",,,#Ciclón #TITLI #India #videos #rain #floods #lluvias,1050866200241205248,https://twitter.com/alertarojanot/status/1050866200241205248
2018-10-12 17:31:29,yoshimy_s,,0,0,0,"ECHO Daily Map of 12 October 2018 #INDIA , #Kerala | #Monsoon #Floods Situation (PDF) https:// erccportal.jrc.ec.europa.eu/ercmaps/ECDM_2 0181012_Kerala_Floods_UPDATE.pdf … pic.twitter.com/NL75nzK9OH",,,#INDIA #Kerala #Monsoon #Floods,1050801140311326720,https://twitter.com/yoshimy_s/status/1050801140311326720
2018-10-12 16:07:55,forceofthestorm,,0,0,0,"@TheNewsPress #disaster #flood #kerala #keralafloods #naturaldisaster #nature #help #fire #survival #india #water #hurricane #florence #earthquake #prepper #northcarolina #flooding #safety #weather #florida #hurricaneflorence #rain #doomsday #southcarolina #floods #photography pic.twitter.com/RzvOCzb4sG",,@TheNewsPress,#disaster #flood #kerala #keralafloods #naturaldisaster #nature #help #fire #survival #india #water #hurricane #florence #earthquake #prepper #northcarolina #flooding #safety #weather #florida #hurricaneflorence #rain #doomsday #southcarolina #floods #photography,1050780111425953792,https://twitter.com/forceofthestorm/status/1050780111425953792
2018-10-11 06:48:57,energyenviro,,0,1,0,"Did dam water mismanagement lead to Kerala's once-in-century floods? https://www. business-standard.com/article/curren t-affairs/did-dam-water-mismanagement-lead-to-kerala-s-once-in-century-floods-118101100265_1.html#.W77yGnk2tPs.twitter … #India #Kerala #floods",,,# #India #Kerala #floods,1050277053428305920,https://twitter.com/energyenviro/status/1050277053428305920
2018-10-10 04:51:22,10sunshinegal,,0,2,1,"#Floods are just the beginning as we facedown #climatechange in #India - as reported in @IPCC_CH #SR15 #ClimateAction is needed now! The cost of #NaturalDisasters - a huge toll for #developingeconomies https://www. thehindu.com/sci-tech/energ y-and-environment/under-water-how-rising-waters-cost-us-all/article25170195.ece … via @the_hindu",,@IPCC_CH @the_hindu,#Floods #climatechange #India #SR15 #ClimateAction #NaturalDisasters #developingeconomies,1049885074953564160,https://twitter.com/10sunshinegal/status/1049885074953564160
2018-10-05 16:44:00,_Quaesitus,,0,0,0,"RT @fratemanu : @Seraphicum goes international! Feast of #StFrancis in #Kerala after the #floods https:// buff.ly/2y6ohMX #Franciscans #India #KeralaFloods @brothermuendo @Friarkanyiri @OLCprov @FriarRick @franciscannet @OLAProvince … https:// buff.ly/2xTDNLV",,@fratemanu @Seraphicum @brothermuendo @Friarkanyiri @OLCprov @FriarRick @franciscannet @OLAProvince,#StFrancis #Kerala #floods #Franciscans #India #KeralaFloods,1048252475956973568,https://twitter.com/_Quaesitus/status/1048252475956973568
2018-10-05 06:51:38,kiunmedia,,0,0,0,"15 Worst Ever Floods in India #India #Floods #TOP15 http:// youtu.be/yCOZbuGy2xQ?a",,,#India #Floods #TOP15,1048103400800509952,https://twitter.com/kiunmedia/status/1048103400800509952
2018-10-05 04:40:06,patralekha2011,,0,4,5,"Most states in #India do not provide #psychosocialcare for all its people even in normal times, let alone after #disasters . How did #Kerala which suffered the worst #floods in a century manage? My ground report from Kerala in @TheLancet . https://www. thelancet.com/action/showPdf ?pii=S0140-6736%2818%2932457-7 …",,@TheLancet,#India #psychosocialcare #disasters #Kerala #floods,1048070301291106304,https://twitter.com/patralekha2011/status/1048070301291106304
2018-10-04 08:31:54,fratemanu,,0,2,3,"@Seraphicum goes international! Feast of #StFrancis in #Kerala after the #floods https://www. seraphicum.org/news_scheda.as p?ID=902&Lingua=Si#centro … #Franciscans #India #KeralaFloods @brothermuendo @Friarkanyiri @OLCprov @FriarRick @franciscannet @OLAProvince pic.twitter.com/P4T77klq9q",,@Seraphicum @brothermuendo @Friarkanyiri @OLCprov @FriarRick @franciscannet @OLAProvince,#StFrancis #Kerala #floods #centro #Franciscans #India #KeralaFloods,1047766249051226113,https://twitter.com/fratemanu/status/1047766249051226113
2018-10-03 13:30:54,CapsicumRe,,0,1,1,"The worst #floods since 1995 have hit Himachal Pradesh, #India https:// watchers.news/2018/09/25/wor st-floods-since-1995-claim-lives-of-25-people-over-1-100-stranded-himachal-pradesh-india/ … @TheWatchers_ #NaturalDisaster pic.twitter.com/6DYwPlGmCT",,@TheWatchers_,#floods #India #NaturalDisaster,1047479103912329217,https://twitter.com/CapsicumRe/status/1047479103912329217
2018-10-03 08:50:01,floodexpert,,0,0,0,"Here's why improved forecasts are not helping prevent #floods , droughts in #India https:// ecs.page.link/59z3",,,#floods #India,1047408417726496769,https://twitter.com/floodexpert/status/1047408417726496769
2018-10-02 17:57:48,hansakwast,,0,3,13,"#GroundwatCH Erasmus Mundus MSc students mapping for #Kerala #floods #India during #mapathon at @tudresden_de . #openstreetmap @hotosm @ihedelft pic.twitter.com/gQKIwwd0z0",,@tudresden_de @hotosm @ihedelft,#GroundwatCH #Kerala #floods #India #mapathon #openstreetmap,1047183883261886464,https://twitter.com/hansakwast/status/1047183883261886464
2018-10-02 02:19:02,francis_ux_ai,,0,0,0,". @Google is using #AI to predict #floods in #India and warn users https:// buff.ly/2O8kNm9 pic.twitter.com/ag1pH2azKf",,@Google,#AI #floods #India,1046947635284914176,https://twitter.com/francis_ux_ai/status/1046947635284914176
2018-09-29 23:00:01,miguelvefa,,0,0,0,"#Google #AI #Floods #India https:// lnkd.in/d3xQQYE",,,#Google #AI #Floods #India,1046172776460152832,https://twitter.com/miguelvefa/status/1046172776460152832
2018-09-28 16:26:13,JoseIEGVU,,0,0,0,"The impact of heavy rains on the 2018/19 pepper crop of the state of Kerala estimate have downgraded from a 40% peak to 30%, totalling 10,700 tonnes, according to IISR. #IISR #Pepper #India #Kerala #Floods #Monsoon … https://iegvu .agribusinessintelligence.informa.com/articles/2018/ 09/28/monsoon-rains-have-impacted-on-kerala-pepper-crop …",,,#IISR #Pepper #India #Kerala #Floods #Monsoon,1045711286733078528,https://twitter.com/JoseIEGVU/status/1045711286733078528
2018-09-28 10:34:58,ketto,thebetterindia,0,6,3,"A braveheart female cop in #Pune plunged into action and saved 15 of stranded, flood ravaged children. #Respect @PuneCityPolice @CPPuneCity #India #PunePolice #FridayFeeIing #Inspiration #FF #Hero #Police #inspirational #floods #Flooding #FridayMotivation #Heroes #FBF https:// twitter.com/thebetterindia /status/1045571353116585985 …",,@PuneCityPolice @CPPuneCity,#Pune #Respect #India #PunePolice #FridayFeeIing #Inspiration #FF #Hero #Police #inspirational #floods #Flooding #FridayMotivation #Heroes #FBF,1045622889813172224,https://twitter.com/ketto/status/1045622889813172224
2018-09-28 04:45:28,indoasiancomdts,,0,1,0,"India’s rubber output likely to dip 15% due to Kerala floods – official #India #Rubber #Naturalrubber #Kerala #Tripura #Rubberboard #Floods https://www. indoasiancommodities.com/2018/09/23/ind ias-rubber-output-likely-dip-15-due-kerala-floods-official/ …",,,#India #Rubber #Naturalrubber #Kerala #Tripura #Rubberboard #Floods,1045534934075674624,https://twitter.com/indoasiancomdts/status/1045534934075674624
2018-09-27 17:31:12,IDRF,,0,0,0,"IDRF supplying health and hygiene kits and food to the victims of the terrible Kerala Floods in India. In addition, IDRF is conduction medical check-ups and basic WASH training to affected communities. #IDRF #Charity #Distribution #Kerala #India #Floods #KeralaFloods #TBT pic.twitter.com/ySPPOTx0Gf",,,#IDRF #Charity #Distribution #Kerala #India #Floods #KeralaFloods #TBT,1045365250168692737,https://twitter.com/IDRF/status/1045365250168692737
2018-09-27 14:56:00,floodexpert,,0,0,0,"#Floods hit northern #India leaving villagers stranded https:// ecs.page.link/5cfM",,,#Floods #India,1045326194823114753,https://twitter.com/floodexpert/status/1045326194823114753
2018-09-27 09:37:56,WebSurfology,,0,1,0,"#Google is using #AI to predict #floods in #India and warn users. #tech #technology #ArtificialIntelligence #MachineLearning #automation #bigdata #datascience #GoogleAlerts #disasters #society #Government https://www. theverge.com/2018/9/25/1790 0018/google-ai-predictions-flooding-india-public-alerts …",,,#Google #AI #floods #India #tech #technology #ArtificialIntelligence #MachineLearning #automation #bigdata #datascience #GoogleAlerts #disasters #society #Government,1045246148691316736,https://twitter.com/WebSurfology/status/1045246148691316736
2018-09-27 02:01:00,kevinbryansplac,,0,0,1,"https:// en.wikipedia.org/wiki/2005_Guja rat_flood … #flooding #floods #india #Random #Facts #randomfacts",,,#flooding #floods #india #Random #Facts #randomfacts,1045131157212258304,https://twitter.com/kevinbryansplac/status/1045131157212258304
2018-09-26 22:12:52,bseengg,,0,0,0,"#Google #India #Floods #AI https://www. theverge.com/2018/9/25/1790 0018/google-ai-predictions-flooding-india-public-alerts …",,,#Google #India #Floods #AI,1045073745646374913,https://twitter.com/bseengg/status/1045073745646374913
2018-09-26 10:00:48,MacrinaAI,,0,1,1,"Now #Google is using #AI to help predict #floods in #India , in partnership with #government authorities. These type of #partnerships will likely become a #trend in the near #future , as #governments provide #data and #companies provide #technology . https://www. theverge.com/2018/9/25/1790 0018/google-ai-predictions-flooding-india-public-alerts …",,,#Google #AI #floods #India #government #partnerships #trend #future #governments #data #companies #technology,1044889518040600576,https://twitter.com/MacrinaAI/status/1044889518040600576
2018-09-26 07:56:18,parpalpkj,,0,0,0,"Watch: Tractor rescues car from washing away in Uttarakhand | News - Times of India Videos https:// timesofindia.indiatimes.com/videos/news/wa tch-tractor-rescues-car-from-washing-away-in-uttarakhand/videoshow/65940156.cms … #indianews #India #Uttarakhand #floods",,,#indianews #India #Uttarakhand #floods,1044858185461452801,https://twitter.com/parpalpkj/status/1044858185461452801
2018-09-26 07:03:04,visitor_z,,0,0,0,"#Google Is Using #AI To #Predict #Floods In #India , #Warn #Users .. https:// tech.slashdot.org/story/18/09/26 /0037208/google-is-using-ai-to-predict-floods-in-india-warn-users?utm_source=rss1.0mainlinkanon&utm_medium=feed …",,,#Google #AI #Predict #Floods #India #Warn #Users,1044844786929336320,https://twitter.com/visitor_z/status/1044844786929336320
2018-09-26 06:53:52,RozanaSpokesman,,0,0,0,"ਮੌਸਮ ਸਾਫ਼ ਹੋਇਆ, ਹੜਾਂ ਦਾ ਖ਼ਤਰਾ ਹਾਲੇ ਵੀ https://www. rozanaspokesman.in/news/punjab/26 0918/the-weather-is-clear-the-danger-of-the-flood-still.html … #India #Punjab #Weather #clear #danger #Floods pic.twitter.com/WXZuO5e6rt",,,#India #Punjab #Weather #clear #danger #Floods,1044842473615503360,https://twitter.com/RozanaSpokesman/status/1044842473615503360
2018-09-26 01:18:06,Khybernews_Jobs,,0,0,0,"بھارت کی شمالی ریاستوں میں بارشوں نے تباہی مچادی، 25 افراد ہلاک مزید پڑھیں : https:// bit.ly/2xBwacY #ARYNewsUrdu #India #Floods pic.twitter.com/JpQ6ipS6w3",,,#ARYNewsUrdu #India #Floods,1044757975796256768,https://twitter.com/Khybernews_Jobs/status/1044757975796256768
2018-09-25 20:56:11,forumatmosfer,,0,6,11,"Hindistan'da aşırı yağışlar sele sebebiyet verirken, yükseklerde ise mevsimin ilk soğuk hava dalgası, yağışı Himalayalar'ın eteklerinde kara dönüştürdü. #india #firstsnow #snow #himalayas #mountains #sel #floods #extremeweather #extremerain pic.twitter.com/6RodaaW2QI",,,#india #firstsnow #snow #himalayas #mountains #sel #floods #extremeweather #extremerain,1044692060136230913,https://twitter.com/forumatmosfer/status/1044692060136230913
2018-09-25 18:06:04,WorldFuel_Saver,,0,0,1,"#Kerala #floods one month after: #Government adopts all strategies to raise funds According to the budget papers, a total of Rs 11,866.9 crore is owed to the government under various heads at the end of the 2016-17 financial year. #263chat #india http://www. newindianexpress.com/specials/2018/ sep/23/kerala-floods-one-month-after-government-adopts-all-strategies-to-raise-funds-1875904.html …",,,#Kerala #floods #Government #263chat #india,1044649249378586626,https://twitter.com/WorldFuel_Saver/status/1044649249378586626
2018-09-25 17:41:50,arynewsud,,0,1,6,"بھارت کی شمالی ریاستوں میں بارشوں نے تباہی مچادی، 25 افراد ہلاک مزید پڑھیں : https:// bit.ly/2xBwacY #ARYNewsUrdu #India #Floods pic.twitter.com/Ds03HZ51pu",,,#ARYNewsUrdu #India #Floods,1044643149912698880,https://twitter.com/arynewsud/status/1044643149912698880
2018-09-25 16:19:00,MarGomezH,,0,5,8,"Las fuertes lluvias e #inundaciones en la #India han provocado que ocurran cosas tan impactantes como esta. afortunadamente lograron desalojarlo a tiempo (video Cyclone of Rodes) #floods #floodings pic.twitter.com/9hOE5ZLSrV",,,#inundaciones #India #floods #floodings,1044622306050486273,https://twitter.com/MarGomezH/status/1044622306050486273
2018-09-25 15:13:08,karolina_kurzac,,1,1,0,"Google is using #AI to predict #floods in #India and warn users The service is part of the global #Google Public Alerts program http:// bit.ly/2zsJbqn #AIIndia #AI4Good #ArtificialIntelligence",,,#AI #floods #India #Google #AIIndia #AI4Good #ArtificialIntelligence,1044605730270183424,https://twitter.com/karolina_kurzac/status/1044605730270183424
2018-09-25 12:37:45,TheWatchers_,,0,9,6,"Worst #floods since 1995 claim lives of 25 people, over 1 100 stranded, Himachal Pradesh, #India http:// dlvr.it/QlJyfC",,,#floods #India,1044566628157943809,https://twitter.com/TheWatchers_/status/1044566628157943809
2018-09-25 12:37:13,shadanka,ANI,0,1,6,"""All together for Manali's People"" #Manali #India #HimachalPradesh #Floods https:// twitter.com/ANI/status/104 4564228244484096 …",,,#Manali #India #HimachalPradesh #Floods,1044566492040359937,https://twitter.com/shadanka/status/1044566492040359937
2018-09-25 10:32:03,LahoreNewsHD,,0,1,4,"بھارت کی جانب سے پانی چھوڑنے پر دریائے راوی میں پانی کی سطح بلند، دریا کنارے رہنے والے خانہ بدوشوں کے لئے خطرے کی گھنٹی۔ مزید دیکھیں: https:// bit.ly/2Q2thbW #Pakistan #India #Water #RiverRavi #Floods pic.twitter.com/rsZpJvXBnE",,,#Pakistan #India #Water #RiverRavi #Floods,1044534992297250816,https://twitter.com/LahoreNewsHD/status/1044534992297250816
2018-09-25 04:53:21,Piers_Corbyn,severeweatherEU,0,3,6,"ANOTHER VINDICATION of #Piers #Corbyn => http://www. WeatherAction.com <=Major RedR4 period Sep19-23+-1d <= #Subscribe #Now . #Preparedness is all! #Storms #snow #floods #EnergyPrice #OilPrice #Commodities #Farming #GardensHour #harvest #Autumn #Winter BI Eu Usa @severeweatherEU #wx #India https:// twitter.com/severeweatherE U/status/1044323702727475203 …",,@severeweatherEU,#Piers #Corbyn #Subscribe #Now #Preparedness #Storms #snow #floods #EnergyPrice #OilPrice #Commodities #Farming #GardensHour #harvest #Autumn #Winter #wx #India,1044449757006057475,https://twitter.com/Piers_Corbyn/status/1044449757006057475
2018-09-24 09:48:56,Mavuri7,,0,4,1,"Heavy rains in #Himachalpradesh five gatest open in pandohdam. #floods ..Five gates open at #PandohDam in #himachalpradesh #kullu #manali #dams #india #floods #china #Sydney #Chicago #hyderabad #chennai #bangalore #mumbai #keral pic.twitter.com/j5vTYY27av",,,#Himachalpradesh #floods #PandohDam #himachalpradesh #kullu #manali #dams #india #floods #china #Sydney #Chicago #hyderabad #chennai #bangalore #mumbai #keral,1044161753263726592,https://twitter.com/Mavuri7/status/1044161753263726592
2018-09-24 08:58:33,Mavuri7,,0,2,1,"Unbelievable floods in #HimachalPradesh . A Bus gets swept away in flooded #Beas river. #india #floods #china #tokyo #Kullumanali #Himachal #Manali #hyderabad #chennai #bangalore #mumbai #delhi (credet to Twitter) pic.twitter.com/YcIUfdn2ug",,,#HimachalPradesh #Beas #india #floods #china #tokyo #Kullumanali #Himachal #Manali #hyderabad #chennai #bangalore #mumbai #delhi,1044149077074563072,https://twitter.com/Mavuri7/status/1044149077074563072
2018-09-23 16:39:36,Nawaiwaqt_,,0,1,5,"بھارت کی آبی جارحیت، پانی چھوڑ دیا، نالہ ڈیک میں سیلاب https://www. nawaiwaqt.com.pk/23-Sep-2018/90 9626 … #floods #Pakistan #India pic.twitter.com/wYb0OX4Q0G",,,#floods #Pakistan #India,1043902715838038017,https://twitter.com/Nawaiwaqt_/status/1043902715838038017
2018-09-21 22:45:06,yoshimy_s,,0,0,0,"#INDIA | #Monsoon Season #Floods Impact pic.twitter.com/4YvuBTXsVa",,,#INDIA #Monsoon #Floods,1043269917720473600,https://twitter.com/yoshimy_s/status/1043269917720473600
2018-09-20 13:23:47,eos_da,,1,1,3,"On Sept. 5-7, torrential rains caused #floods in several districts of #Odisha in eastern #India , killing around 90,000 people. A heavy rain led to overflowing the #Baitarani river in several places. #Sentinel1 #Sentinel2 @esa @ESA_EO pic.twitter.com/5s3RHRsewl",,@esa @ESA_EO,#floods #Odisha #India #Baitarani #Sentinel1 #Sentinel2,1042766270058381312,https://twitter.com/eos_da/status/1042766270058381312
2018-09-20 12:15:30,Mavuri7,,1,1,0,"#Terrifying video footage moment.. #Ryanair plane failing to land at #Ireland 's #DublinAirport on September 19 after being caught in strong winds caused by storm #Ali #india #floods #mumbai #chennai #bangalore #hyderabad #Kolkata pic.twitter.com/4CbKBdee5i",,,#Terrifying #Ryanair #Ireland #DublinAirport #Ali #india #floods #mumbai #chennai #bangalore #hyderabad #Kolkata,1042749089211772928,https://twitter.com/Mavuri7/status/1042749089211772928
2018-09-20 05:49:23,OxfamIndia,,0,2,5,"Typhoon Magkhut has already claimed over 60 lives with more than dozens missing. At the same time, #floods are wreaking havoc in Nagaland and other parts of Northeast #India . Oxfam is on the ground doing what it ever it takes to help save lives. Read more: https:// bit.ly/2xytdsF pic.twitter.com/qa9FXRgduF",,,#floods #India,1042651917573386240,https://twitter.com/OxfamIndia/status/1042651917573386240
2018-09-19 17:06:24,IDRF,,0,0,1,"Resources continuing to be distributed in Kerala to the victims affected several by the floods. #IDRF #Charity #Resources #Distribution #Kerala #India #Floods #KeralaFloods pic.twitter.com/NxIAWaO6gy",,,#IDRF #Charity #Resources #Distribution #Kerala #India #Floods #KeralaFloods,1042459906773839877,https://twitter.com/IDRF/status/1042459906773839877
2018-09-19 16:40:13,Susan_Larson_TN,,0,0,0,"#Kerala ’s first #play with all #trans #cast #revived after #floods . The play, ‘ #ParayanMarannaKathakal ’, by 14 #transgender actors was staged in #Thiruvananthapuram on Sunday. #LGBTQIA #India https://www. thenewsminute.com/article/kerala -s-first-play-all-transgender-cast-revived-after-floods-88620 …",,,#Kerala #play #trans #cast #revived #floods #ParayanMarannaKathakal #transgender #Thiruvananthapuram #LGBTQIA #India,1042453317052510209,https://twitter.com/Susan_Larson_TN/status/1042453317052510209
2018-09-19 13:31:04,AlexWitzleben,,0,0,0,"EU scales up assistance to flood victims in Kerala, India, with an additional €1 million in emergency aid to India as devastating floods killed nearly 500 people and submerged entire villages http:// europa.eu/rapid/press-re lease_MEX-18-5834_en.htm … #India #floods #flood",,,#India #floods #flood,1042405716810768389,https://twitter.com/AlexWitzleben/status/1042405716810768389
2018-09-19 07:00:57,ihedelft,,0,1,3,"#Kerala #India , with its beautiful landscape was devastated by #flooding . It is one of the best governed states in India, yet these #floods were not anticipate and averted, why? IHE Delft flood experts try to answer this question. Story: http:// ow.ly/777K30lKTVQ @profzevenbergen pic.twitter.com/YAHL0bzty1",,@profzevenbergen,#Kerala #India #flooding #floods,1042307542741934080,https://twitter.com/ihedelft/status/1042307542741934080
2018-09-18 17:59:16,IDRF,,0,0,0,"Resources are continuing to be distributed to the folks in Kerala who are affected by the major floods. #IDRF #Charity #Resources #Distribution #Kerala #India #Floods #KeralaFloods pic.twitter.com/6AJ1AJWO5b",,,#IDRF #Charity #Resources #Distribution #Kerala #India #Floods #KeralaFloods,1042110821843836928,https://twitter.com/IDRF/status/1042110821843836928
2018-09-18 08:40:51,ICD_climate,,0,6,0,"Increased water flow and sedimentation in the #Ganga basin due to climate change will lead to more #floods in #India and #Bangladesh @joydeepgupta @OmairTAhmad @beth_wa @tvpadma http:// indiaclimatedialogue.net/2018/09/18/cli mate-change-increases-flooding-risks-in-ganga-basin/ …",,@joydeepgupta @OmairTAhmad @beth_wa @tvpadma,#Ganga #floods #India #Bangladesh,1041970291411496960,https://twitter.com/ICD_climate/status/1041970291411496960
2018-09-17 18:46:58,IDRF,,0,0,1,"Resources being distributed to the folks out in Kerala, India who were badly impacted by the major floods. #IDRF #Charity #Resources #Distribution #Kerala #India #Floods #KeralaFloods pic.twitter.com/AtJxHmFfTA",,,#IDRF #Charity #Resources #Distribution #Kerala #India #Floods #KeralaFloods,1041760440257273857,https://twitter.com/IDRF/status/1041760440257273857
2018-09-17 18:30:28,_Christianna_,breakingweather,0,0,1,"Monsoon Low in the Bay of Bengal will Bring another surge of Flooding Rainfall to parts of eastern and northern India later this week #India #Monsoon #BayofBengal #Floods https:// twitter.com/breakingweathe r/status/1041752416469897216 …",,,#India #Monsoon #BayofBengal #Floods,1041756286533226496,https://twitter.com/_Christianna_/status/1041756286533226496
